-- phpMyAdmin SQL Dump
-- version 4.5.1
-- http://www.phpmyadmin.net
--
-- Host: 127.0.0.1
-- Generation Time: Jul 26, 2016 at 05:11 PM
-- Server version: 10.1.8-MariaDB
-- PHP Version: 5.6.14

SET SQL_MODE = "NO_AUTO_VALUE_ON_ZERO";
SET time_zone = "+00:00";


/*!40101 SET @OLD_CHARACTER_SET_CLIENT=@@CHARACTER_SET_CLIENT */;
/*!40101 SET @OLD_CHARACTER_SET_RESULTS=@@CHARACTER_SET_RESULTS */;
/*!40101 SET @OLD_COLLATION_CONNECTION=@@COLLATION_CONNECTION */;
/*!40101 SET NAMES utf8mb4 */;

--
-- Database: `absensi`
--

-- --------------------------------------------------------

--
-- Table structure for table `mg01`
--

CREATE TABLE `mg01` (
  `idgj` int(10) UNSIGNED NOT NULL,
  `jenis` varchar(255) COLLATE utf8_unicode_ci NOT NULL,
  `jmltgh` int(11) NOT NULL,
  `jntgh` char(10) COLLATE utf8_unicode_ci NOT NULL,
  `abscd` int(11) NOT NULL,
  `status` char(1) COLLATE utf8_unicode_ci NOT NULL,
  `created_at` timestamp NOT NULL DEFAULT '0000-00-00 00:00:00',
  `updated_at` timestamp NOT NULL DEFAULT '0000-00-00 00:00:00'
) ENGINE=InnoDB DEFAULT CHARSET=utf8 COLLATE=utf8_unicode_ci;

--
-- Dumping data for table `mg01`
--

INSERT INTO `mg01` (`idgj`, `jenis`, `jmltgh`, `jntgh`, `abscd`, `status`, `created_at`, `updated_at`) VALUES
(1, 'Gaji Reguler', 30, 'Bulan', 0, 'N', '2016-04-12 09:42:42', '2016-07-25 08:45:32'),
(2, 'Gaji Harian', 1, 'Hari', 0, 'Y', '2016-04-14 20:37:49', '2016-04-14 20:37:49'),
(3, 'gaji per jam', 1, 'Jam', 0, 'Y', '2016-06-06 02:00:40', '2016-06-06 02:00:40');

-- --------------------------------------------------------

--
-- Table structure for table `mg02`
--

CREATE TABLE `mg02` (
  `id` int(10) UNSIGNED NOT NULL,
  `mk01_id` int(10) UNSIGNED NOT NULL,
  `mg01_id` int(10) UNSIGNED NOT NULL,
  `nilgj` bigint(20) NOT NULL,
  `created_at` timestamp NOT NULL DEFAULT '0000-00-00 00:00:00',
  `updated_at` timestamp NOT NULL DEFAULT '0000-00-00 00:00:00'
) ENGINE=InnoDB DEFAULT CHARSET=utf8 COLLATE=utf8_unicode_ci;

--
-- Dumping data for table `mg02`
--

INSERT INTO `mg02` (`id`, `mk01_id`, `mg01_id`, `nilgj`, `created_at`, `updated_at`) VALUES
(13, 1, 1, 3000000, '0000-00-00 00:00:00', '0000-00-00 00:00:00'),
(29, 1, 2, 120000, '2016-05-17 09:03:30', '2016-05-17 09:03:30'),
(56, 2, 1, 3000000, '2016-06-11 07:54:23', '2016-06-11 07:54:23'),
(57, 3, 1, 2750000, '2016-06-11 07:57:10', '2016-06-11 07:57:10'),
(58, 4, 1, 2750000, '2016-06-11 08:55:24', '2016-06-11 08:55:24'),
(59, 5, 1, 5000000, '2016-06-11 08:55:56', '2016-06-11 08:55:56'),
(60, 6, 1, 2500000, '2016-06-11 08:56:51', '2016-06-11 08:56:51'),
(61, 7, 1, 2750000, '2016-06-11 08:57:48', '2016-06-11 08:57:48'),
(62, 8, 1, 2750000, '2016-06-11 08:58:25', '2016-06-11 08:58:25'),
(63, 9, 1, 2750000, '2016-06-11 08:59:09', '2016-06-11 08:59:09'),
(64, 10, 1, 2750000, '2016-06-11 08:59:50', '2016-06-11 08:59:50'),
(65, 11, 1, 2750000, '2016-06-11 09:11:53', '2016-06-11 09:11:53'),
(66, 12, 1, 3000000, '2016-06-11 09:14:38', '2016-06-11 09:14:38'),
(67, 13, 1, 2800000, '2016-07-23 09:35:14', '2016-07-23 09:35:14'),
(68, 3, 3, 100000, '2016-07-25 06:39:20', '2016-07-25 06:39:20');

-- --------------------------------------------------------

--
-- Table structure for table `migrations`
--

CREATE TABLE `migrations` (
  `migration` varchar(255) COLLATE utf8_unicode_ci NOT NULL,
  `batch` int(11) NOT NULL
) ENGINE=InnoDB DEFAULT CHARSET=utf8 COLLATE=utf8_unicode_ci;

--
-- Dumping data for table `migrations`
--

INSERT INTO `migrations` (`migration`, `batch`) VALUES
('2016_01_31_124137_mj01', 1),
('2016_01_31_124459_mj02', 1),
('2016_01_31_131837_mg01', 1),
('2016_01_31_132009_mz01', 1),
('2016_01_31_132757_ta01', 1),
('2016_01_31_134527_mk01', 1),
('2016_01_31_134552_mj03', 1),
('2016_01_31_134632_mg02', 1),
('2016_01_31_135747_ta02', 1),
('2016_01_31_135956_tg01', 1),
('2016_01_31_135957_tg02', 1),
('2016_01_31_135958_th01', 1),
('2016_01_31_140213_th02', 1),
('2016_01_31_140336_tt01', 1),
('2016_01_31_140439_tp01', 1),
('2016_03_27_131939_mk02', 1),
('2016_03_27_133216_tz01', 1),
('2016_04_06_155412_mm01', 1),
('2016_04_06_155444_mm02', 1),
('2016_04_27_153620_tt02', 2),
('2016_06_18_111027_ta03', 3),
('2016_07_23_144414_mk03', 4),
('2016_07_26_140350_ts01', 5);

-- --------------------------------------------------------

--
-- Table structure for table `mj01`
--

CREATE TABLE `mj01` (
  `idjb` int(10) UNSIGNED NOT NULL,
  `nama` varchar(255) COLLATE utf8_unicode_ci NOT NULL,
  `flgomzt` char(1) COLLATE utf8_unicode_ci NOT NULL,
  `status` char(1) COLLATE utf8_unicode_ci NOT NULL,
  `created_at` timestamp NOT NULL DEFAULT '0000-00-00 00:00:00',
  `updated_at` timestamp NOT NULL DEFAULT '0000-00-00 00:00:00'
) ENGINE=InnoDB DEFAULT CHARSET=utf8 COLLATE=utf8_unicode_ci;

--
-- Dumping data for table `mj01`
--

INSERT INTO `mj01` (`idjb`, `nama`, `flgomzt`, `status`, `created_at`, `updated_at`) VALUES
(1, 'Karyawan', 'N', 'Y', '2016-04-12 09:42:28', '2016-04-12 09:42:28'),
(2, 'kepala admin', 'Y', 'Y', '2016-05-24 21:27:19', '2016-05-24 21:27:19'),
(3, 'admin', 'N', 'Y', '2016-05-24 21:27:30', '2016-05-24 21:27:30'),
(4, 'CEO', 'N', 'Y', '2016-07-10 07:04:33', '2016-07-10 07:04:33');

-- --------------------------------------------------------

--
-- Table structure for table `mj02`
--

CREATE TABLE `mj02` (
  `idjk` int(10) UNSIGNED NOT NULL,
  `tipe` varchar(255) COLLATE utf8_unicode_ci NOT NULL,
  `jmmsk` time NOT NULL,
  `jmklr` time NOT NULL,
  `status` char(1) COLLATE utf8_unicode_ci NOT NULL,
  `created_at` timestamp NOT NULL DEFAULT '0000-00-00 00:00:00',
  `updated_at` timestamp NOT NULL DEFAULT '0000-00-00 00:00:00'
) ENGINE=InnoDB DEFAULT CHARSET=utf8 COLLATE=utf8_unicode_ci;

--
-- Dumping data for table `mj02`
--

INSERT INTO `mj02` (`idjk`, `tipe`, `jmmsk`, `jmklr`, `status`, `created_at`, `updated_at`) VALUES
(1, '1', '08:00:00', '17:00:00', 'Y', '2016-04-12 09:43:14', '2016-04-12 09:43:14'),
(2, '2', '12:00:00', '13:00:00', 'Y', '2016-04-12 09:43:21', '2016-04-12 09:43:21'),
(3, '1', '10:00:00', '20:00:00', 'Y', '2016-06-06 01:58:19', '2016-06-06 01:58:19'),
(4, '1', '09:00:00', '18:00:00', 'Y', '2016-06-11 06:13:20', '2016-06-11 06:13:20'),
(5, '1', '08:30:00', '17:30:00', 'Y', '2016-06-11 06:13:41', '2016-06-11 06:13:41'),
(6, '2', '13:00:00', '14:00:00', 'Y', '2016-06-11 07:53:21', '2016-06-11 07:53:21');

-- --------------------------------------------------------

--
-- Table structure for table `mj03`
--

CREATE TABLE `mj03` (
  `id` int(10) UNSIGNED NOT NULL,
  `mj02_id` int(10) UNSIGNED NOT NULL,
  `mk01_id` int(10) UNSIGNED NOT NULL,
  `alt` int(11) NOT NULL,
  `selected` char(1) COLLATE utf8_unicode_ci NOT NULL,
  `created_at` timestamp NOT NULL DEFAULT '0000-00-00 00:00:00',
  `updated_at` timestamp NOT NULL DEFAULT '0000-00-00 00:00:00'
) ENGINE=InnoDB DEFAULT CHARSET=utf8 COLLATE=utf8_unicode_ci;

--
-- Dumping data for table `mj03`
--

INSERT INTO `mj03` (`id`, `mj02_id`, `mk01_id`, `alt`, `selected`, `created_at`, `updated_at`) VALUES
(1, 1, 1, 1, 'N', '0000-00-00 00:00:00', '2016-07-25 06:32:50'),
(2, 4, 1, 2, 'N', '0000-00-00 00:00:00', '2016-07-25 06:32:07'),
(3, 3, 1, 1, 'N', '2016-06-10 17:00:00', '2016-07-25 06:32:50'),
(4, 6, 1, 1, 'Y', '2016-06-10 17:00:00', '2016-06-11 07:53:32'),
(5, 1, 2, 1, 'N', '2016-06-11 07:54:18', '2016-07-25 06:33:17'),
(6, 4, 2, 2, 'N', '2016-06-11 07:54:18', '2016-07-25 06:36:57'),
(7, 1, 2, 1, 'Y', '2016-06-11 07:54:18', '2016-07-25 06:36:57'),
(8, 2, 2, 1, 'Y', '2016-06-11 07:54:18', '2016-06-11 07:54:18'),
(9, 1, 3, 1, 'Y', '2016-06-11 07:57:05', '2016-07-25 06:38:40'),
(10, 1, 3, 2, 'N', '2016-06-11 07:57:05', '2016-07-25 06:38:40'),
(11, 3, 3, 3, 'N', '2016-06-11 07:57:05', '2016-06-11 07:57:17'),
(12, 6, 3, 1, 'Y', '2016-06-11 07:57:06', '2016-06-11 07:57:06'),
(13, 1, 4, 1, 'Y', '2016-06-11 08:55:20', '2016-06-11 08:55:20'),
(14, 1, 4, 2, 'N', '2016-06-11 08:55:20', '2016-06-11 08:55:20'),
(15, 1, 4, 3, 'N', '2016-06-11 08:55:20', '2016-06-11 08:55:20'),
(16, 2, 4, 1, 'Y', '2016-06-11 08:55:20', '2016-06-11 08:55:20'),
(17, 1, 5, 1, 'Y', '2016-06-11 08:55:51', '2016-06-11 08:55:51'),
(18, 1, 5, 2, 'N', '2016-06-11 08:55:52', '2016-06-11 08:55:52'),
(19, 1, 5, 3, 'N', '2016-06-11 08:55:52', '2016-06-11 08:55:52'),
(20, 2, 5, 1, 'Y', '2016-06-11 08:55:52', '2016-06-11 08:55:52'),
(21, 1, 6, 1, 'Y', '2016-06-11 08:56:45', '2016-06-11 08:56:45'),
(22, 1, 6, 2, 'N', '2016-06-11 08:56:45', '2016-06-11 08:56:45'),
(23, 1, 6, 3, 'N', '2016-06-11 08:56:45', '2016-06-11 08:56:45'),
(24, 2, 6, 1, 'Y', '2016-06-11 08:56:45', '2016-06-11 08:56:45'),
(25, 1, 7, 1, 'Y', '2016-06-11 08:57:41', '2016-06-11 08:57:41'),
(26, 1, 7, 2, 'N', '2016-06-11 08:57:41', '2016-06-11 08:57:41'),
(27, 1, 7, 3, 'N', '2016-06-11 08:57:41', '2016-06-11 08:57:41'),
(28, 2, 7, 1, 'Y', '2016-06-11 08:57:41', '2016-06-11 08:57:41'),
(29, 1, 8, 1, 'Y', '2016-06-11 08:58:19', '2016-06-11 08:58:19'),
(30, 1, 8, 2, 'N', '2016-06-11 08:58:19', '2016-06-11 08:58:19'),
(31, 1, 8, 3, 'N', '2016-06-11 08:58:19', '2016-06-11 08:58:19'),
(32, 2, 8, 1, 'Y', '2016-06-11 08:58:19', '2016-06-11 08:58:19'),
(33, 1, 9, 1, 'N', '2016-06-11 08:59:01', '2016-06-11 09:02:14'),
(34, 1, 9, 2, 'N', '2016-06-11 08:59:01', '2016-06-11 08:59:01'),
(35, 3, 9, 3, 'Y', '2016-06-11 08:59:01', '2016-06-11 09:02:14'),
(36, 2, 9, 1, 'Y', '2016-06-11 08:59:01', '2016-06-11 08:59:01'),
(37, 1, 10, 1, 'Y', '2016-06-11 08:59:43', '2016-06-11 09:23:13'),
(38, 4, 10, 2, 'N', '2016-06-11 08:59:43', '2016-06-11 09:07:22'),
(39, 3, 10, 3, 'N', '2016-06-11 08:59:43', '2016-06-11 09:23:13'),
(40, 2, 10, 1, 'Y', '2016-06-11 08:59:43', '2016-06-11 08:59:43'),
(41, 1, 11, 1, 'Y', '2016-06-11 09:11:48', '2016-06-11 09:11:48'),
(42, 3, 11, 2, 'N', '2016-06-11 09:11:48', '2016-06-11 09:11:48'),
(43, 4, 11, 3, 'N', '2016-06-11 09:11:48', '2016-06-11 09:11:48'),
(44, 2, 11, 1, 'Y', '2016-06-11 09:11:48', '2016-06-11 09:11:48'),
(45, 1, 12, 1, 'N', '2016-06-11 09:14:31', '2016-06-11 09:15:45'),
(46, 3, 12, 2, 'Y', '2016-06-11 09:14:31', '2016-06-11 09:27:52'),
(47, 4, 12, 3, 'N', '2016-06-11 09:14:31', '2016-06-11 09:27:52'),
(48, 2, 12, 1, 'Y', '2016-06-11 09:14:31', '2016-06-11 09:14:31'),
(49, 1, 13, 1, 'Y', '2016-07-23 09:35:09', '2016-07-23 09:35:09'),
(50, 1, 13, 2, 'N', '2016-07-23 09:35:09', '2016-07-23 09:35:09'),
(51, 1, 13, 3, 'N', '2016-07-23 09:35:09', '2016-07-23 09:35:09'),
(52, 2, 13, 1, 'Y', '2016-07-23 09:35:09', '2016-07-23 09:35:09');

-- --------------------------------------------------------

--
-- Table structure for table `mk01`
--

CREATE TABLE `mk01` (
  `idkar` int(10) UNSIGNED NOT NULL,
  `nama` varchar(255) COLLATE utf8_unicode_ci NOT NULL,
  `usernm` varchar(255) COLLATE utf8_unicode_ci NOT NULL,
  `email` varchar(255) COLLATE utf8_unicode_ci NOT NULL,
  `passwd` varchar(255) COLLATE utf8_unicode_ci NOT NULL,
  `gndr` char(1) COLLATE utf8_unicode_ci NOT NULL,
  `norek1` char(25) COLLATE utf8_unicode_ci NOT NULL,
  `norek2` char(25) COLLATE utf8_unicode_ci NOT NULL,
  `tglaktif` date NOT NULL,
  `ttl` date NOT NULL,
  `addr1` text COLLATE utf8_unicode_ci NOT NULL,
  `notelp` text COLLATE utf8_unicode_ci NOT NULL,
  `status` char(1) COLLATE utf8_unicode_ci NOT NULL,
  `pic` text COLLATE utf8_unicode_ci NOT NULL,
  `tbsld` bigint(20) NOT NULL,
  `htsld` bigint(20) NOT NULL,
  `tglgj` date NOT NULL,
  `flgref` char(3) COLLATE utf8_unicode_ci NOT NULL,
  `kmindv` float(8,2) NOT NULL,
  `kmtim` float(8,2) NOT NULL,
  `jnsusr` int(11) NOT NULL DEFAULT '1',
  `idjb` int(10) UNSIGNED NOT NULL,
  `created_at` timestamp NOT NULL DEFAULT '0000-00-00 00:00:00',
  `updated_at` timestamp NOT NULL DEFAULT '0000-00-00 00:00:00'
) ENGINE=InnoDB DEFAULT CHARSET=utf8 COLLATE=utf8_unicode_ci;

--
-- Dumping data for table `mk01`
--

INSERT INTO `mk01` (`idkar`, `nama`, `usernm`, `email`, `passwd`, `gndr`, `norek1`, `norek2`, `tglaktif`, `ttl`, `addr1`, `notelp`, `status`, `pic`, `tbsld`, `htsld`, `tglgj`, `flgref`, `kmindv`, `kmtim`, `jnsusr`, `idjb`, `created_at`, `updated_at`) VALUES
(1, 'Iwan', 'superadmin', 'admin@gmail.com', 'superadmin', 'L', '1568621035465', '1568621035465', '2016-04-12', '1988-04-12', 'Culabaya', '0315689423', 'Y', '25279_eve_01.png', 0, 0, '2016-06-12', '', 1.00, 1.00, 0, 4, '2016-04-12 09:43:59', '2016-06-16 04:39:17'),
(2, 'RRyner', '8891', 'ronald.lloyd57@gmail.com', 'asdfg', 'L', '1400009865712', '720356812', '2016-06-11', '1988-06-11', 'Alamat 1', '081234567890', 'Y', '51816_aisha_03.jpg', 2000000, 0, '2016-07-11', '', 5.00, 0.00, 2, 1, '2016-06-11 07:54:18', '2016-07-26 07:16:07'),
(3, 'elsword', '8895', 'elsword.kog@gmail.com', 'asdfg', 'L', '1400009865712', '720356812', '2016-06-11', '1988-06-11', '123', '081234567890', 'Y', '80499_elesis 04.jpg', 1000000, 0, '2016-07-11', '', 0.00, 0.00, 2, 1, '2016-06-11 07:57:05', '2016-07-26 06:52:12'),
(4, 'Setiawan', 'set', 'mycrook1994@gmail.com', 'asd', 'L', '1400009865712', '720356812', '2016-06-11', '1988-06-11', '123', '081234567890', 'Y', '68076_535118.jpg', 0, 0, '2016-07-11', '', 0.00, 0.00, 1, 1, '2016-06-11 08:55:20', '2016-07-23 07:52:26'),
(5, 'Tingkos', '01050709', 'tajimaeditor@gmail.com', 'asd', 'L', '1400009865712', '720356812', '2016-06-11', '1988-06-11', '123', '081234567890', 'Y', '95336_aisha_rena_01.jpg', 0, 0, '2016-06-11', '', 0.00, 0.00, 2, 1, '2016-06-11 08:55:51', '2016-06-11 08:55:51'),
(6, 'lev', '8896', 'fernandeswilliam57@yahoo.co.id', 'asd', 'L', '1400009865712', '720356812', '2016-06-11', '1988-06-11', '12', '081234567890', 'Y', '46798_elesis 03.jpg', 0, 0, '2016-07-11', '', 0.00, 0.00, 0, 1, '2016-06-11 08:56:45', '2016-07-23 07:53:14'),
(7, 'Daniel', '8897', 'daniel@gmail.com', 'asd', 'L', '1400009865712', '720356812', '2016-06-11', '1988-06-11', '123', '081234567890', 'Y', '', 0, 0, '2016-07-11', '', 0.00, 0.00, 0, 1, '2016-06-11 08:57:41', '2016-07-23 07:56:54'),
(8, 'ali', '8898', 'aly_mulyanata93@yahoo.com', 'asd', 'L', '1400009865712', '720356812', '2016-06-11', '1988-06-11', '123', '081234567890', 'Y', '10876_elesis GrM.jpg', 0, 0, '2016-06-11', '', 0.00, 0.00, 2, 1, '2016-06-11 08:58:19', '2016-06-11 08:58:19'),
(9, 'willy', '8899', 'willy@gmail.com', 'asdf', 'L', '1400009865712', '720356812', '2016-06-11', '1988-06-11', '123', '081234567890', 'Y', '39685_luciel 01.jpg', 0, 0, '2016-07-11', '', 0.00, 0.00, 2, 1, '2016-06-11 08:59:01', '2016-07-23 08:35:25'),
(10, 'ronald', '8890', 'ronald.lloyd57@gmail.com', 'asd', 'L', '1400009865712', '720356812', '2016-06-11', '1988-06-11', 'asd', '081234567890', 'Y', '84564_12728949_239201653084075_6557901787054399493_n.jpg', 0, 0, '2016-07-11', '', 0.00, 0.00, 2, 1, '2016-06-11 08:59:43', '2016-07-23 08:39:05'),
(11, 'daniel lagi', '8892', 'daniel@gmail.com', 'asd', 'L', '1400009865712', '720356812', '2016-06-11', '1988-06-11', '123', '081234567890', 'Y', '90406_Elsword.full.1901852.jpg', 0, 0, '2016-06-11', '', 0.00, 0.00, 2, 1, '2016-06-11 09:11:48', '2016-06-11 09:11:48'),
(12, 'daniel lagi 2', '8893', 'daniel@gmail.com', 'asd', 'L', '1400009865712', '720356812', '2016-06-11', '1988-06-11', '123', '081234567890', 'Y', '', 0, 0, '2016-06-11', '', 0.00, 0.00, 2, 1, '2016-06-11 09:14:31', '2016-06-11 09:14:31'),
(13, 'taikucing', '8888', 'taikucing@taikucing.taikucing', '8888', 'L', '1568621035465', '1568621035465', '2016-07-23', '1988-07-23', '123', '0315689423', 'Y', '93630_sakamoto_san_vector_by_leymil-d5tssnt.png', 0, 0, '2016-07-23', '', 0.00, 0.00, 0, 1, '2016-07-23 09:35:09', '2016-07-23 09:35:09');

-- --------------------------------------------------------

--
-- Table structure for table `mk02`
--

CREATE TABLE `mk02` (
  `id` int(10) UNSIGNED NOT NULL,
  `mk01_id_parent` int(10) UNSIGNED NOT NULL,
  `mk01_id_child` int(10) UNSIGNED NOT NULL,
  `flglead` char(3) COLLATE utf8_unicode_ci NOT NULL,
  `created_at` timestamp NOT NULL DEFAULT '0000-00-00 00:00:00',
  `updated_at` timestamp NOT NULL DEFAULT '0000-00-00 00:00:00'
) ENGINE=InnoDB DEFAULT CHARSET=utf8 COLLATE=utf8_unicode_ci;

--
-- Dumping data for table `mk02`
--

INSERT INTO `mk02` (`id`, `mk01_id_parent`, `mk01_id_child`, `flglead`, `created_at`, `updated_at`) VALUES
(16, 2, 2, 'No', '2016-06-11 07:54:18', '2016-06-11 07:54:18'),
(17, 3, 3, 'No', '2016-06-11 07:57:06', '2016-06-11 07:57:06'),
(18, 4, 4, 'No', '2016-06-11 08:55:20', '2016-06-11 08:55:20'),
(19, 5, 5, 'No', '2016-06-11 08:55:52', '2016-06-11 08:55:52'),
(20, 6, 6, 'No', '2016-06-11 08:56:46', '2016-06-11 08:56:46'),
(21, 7, 7, 'No', '2016-06-11 08:57:41', '2016-06-11 08:57:41'),
(22, 8, 8, 'No', '2016-06-11 08:58:20', '2016-06-11 08:58:20'),
(23, 9, 9, 'No', '2016-06-11 08:59:01', '2016-06-11 08:59:01'),
(24, 10, 10, 'No', '2016-06-11 08:59:43', '2016-06-11 08:59:43'),
(25, 11, 11, 'No', '2016-06-11 09:11:48', '2016-06-11 09:11:48'),
(26, 12, 12, 'No', '2016-06-11 09:14:32', '2016-06-11 09:14:32'),
(27, 13, 13, 'No', '2016-07-23 09:35:10', '2016-07-23 09:35:10');

-- --------------------------------------------------------

--
-- Table structure for table `mk03`
--

CREATE TABLE `mk03` (
  `id` int(10) UNSIGNED NOT NULL,
  `nama` varchar(255) COLLATE utf8_unicode_ci NOT NULL,
  `ket` varchar(255) COLLATE utf8_unicode_ci NOT NULL,
  `nilket` float(8,2) NOT NULL,
  `created_at` timestamp NOT NULL DEFAULT '0000-00-00 00:00:00',
  `updated_at` timestamp NOT NULL DEFAULT '0000-00-00 00:00:00'
) ENGINE=InnoDB DEFAULT CHARSET=utf8 COLLATE=utf8_unicode_ci;

--
-- Dumping data for table `mk03`
--

INSERT INTO `mk03` (`id`, `nama`, `ket`, `nilket`, `created_at`, `updated_at`) VALUES
(1, 'prsbns', 'Persen Bonus Gaji Karyawan', 20.00, '0000-00-00 00:00:00', '2016-07-23 08:35:16');

-- --------------------------------------------------------

--
-- Table structure for table `mm01`
--

CREATE TABLE `mm01` (
  `idmnu` int(10) UNSIGNED NOT NULL,
  `nama` varchar(255) COLLATE utf8_unicode_ci NOT NULL,
  `url` text COLLATE utf8_unicode_ci NOT NULL,
  `created_at` timestamp NOT NULL DEFAULT '0000-00-00 00:00:00',
  `updated_at` timestamp NOT NULL DEFAULT '0000-00-00 00:00:00'
) ENGINE=InnoDB DEFAULT CHARSET=utf8 COLLATE=utf8_unicode_ci;

--
-- Dumping data for table `mm01`
--

INSERT INTO `mm01` (`idmnu`, `nama`, `url`, `created_at`, `updated_at`) VALUES
(1, 'Master Jam Kerja', 'master/jamkerja', '0000-00-00 00:00:00', '0000-00-00 00:00:00'),
(2, 'Master Jabatan', 'master/jabatan', '0000-00-00 00:00:00', '0000-00-00 00:00:00'),
(3, 'Master Jenis Gaji', 'master/jenisgaji', '0000-00-00 00:00:00', '0000-00-00 00:00:00'),
(4, 'Master Karyawan', 'master/karyawan', '0000-00-00 00:00:00', '0000-00-00 00:00:00'),
(5, 'Input Hutang', 'inputdata/hutang', '0000-00-00 00:00:00', '0000-00-00 00:00:00'),
(6, 'Input Tabungan', 'inputdata/tabungan', '0000-00-00 00:00:00', '0000-00-00 00:00:00'),
(7, 'Input Slip Gaji', 'inputdata/gaji', '0000-00-00 00:00:00', '0000-00-00 00:00:00'),
(8, 'Input Transfer Gaji', 'inputdata/transfer', '0000-00-00 00:00:00', '0000-00-00 00:00:00'),
(9, 'Input Omzet', 'inputdata/omzet', '0000-00-00 00:00:00', '0000-00-00 00:00:00'),
(10, 'Daftar Masuk Karyawan', 'daftarmasuk', '0000-00-00 00:00:00', '0000-00-00 00:00:00'),
(11, 'Daftar Pulang Karyawan', 'daftarpulang', '0000-00-00 00:00:00', '0000-00-00 00:00:00'),
(12, 'Daftar Lembur Karyawan', 'daftarlembur', '0000-00-00 00:00:00', '0000-00-00 00:00:00'),
(13, 'My Indografika', 'myindografika', '0000-00-00 00:00:00', '0000-00-00 00:00:00'),
(14, 'Fitur Pembayaran Gaji', 'myindografika/gajikaryawan', '0000-00-00 00:00:00', '0000-00-00 00:00:00'),
(15, 'Fitur Tabungan Karyawan', 'myindografika/tabungankaryawan', '0000-00-00 00:00:00', '0000-00-00 00:00:00'),
(16, 'Fitur Pinjaman Karyawan', 'myindografika/pinjamankaryawan', '0000-00-00 00:00:00', '0000-00-00 00:00:00'),
(17, 'Fitur Omzet Karyawan', 'myindografika/omzetkaryawan', '0000-00-00 00:00:00', '0000-00-00 00:00:00'),
(18, 'Fitur Presensi Karyawan', 'myindografika/presensikaryawan', '0000-00-00 00:00:00', '0000-00-00 00:00:00'),
(19, 'Admin Laporan Pembayaran Gaji', 'admin/allgajikaryawan', '0000-00-00 00:00:00', '0000-00-00 00:00:00'),
(20, 'Admin Laporan Tabungan Karyawan', 'admin/alltabungankaryawan', '0000-00-00 00:00:00', '0000-00-00 00:00:00'),
(21, 'Admin Laporan Pinjaman Karyawan', 'admin/allpinjamankaryawan', '0000-00-00 00:00:00', '0000-00-00 00:00:00'),
(22, 'Admin Laporan Omzet Karyawan', 'admin/allomzetkaryawan', '0000-00-00 00:00:00', '0000-00-00 00:00:00'),
(23, 'Admin Laporan Presensi Karyawan', 'admin/allpresensikaryawan', '0000-00-00 00:00:00', '0000-00-00 00:00:00'),
(24, 'Input Absensi', 'inputdata/absensi', '0000-00-00 00:00:00', '0000-00-00 00:00:00'),
(25, 'Input Alpha / Cuti Karyawan', 'inputdata/alpha', '0000-00-00 00:00:00', '0000-00-00 00:00:00'),
(26, 'Laporan Admin Bulanan Karyawan', 'admin/adminlaporankaryawan', '0000-00-00 00:00:00', '0000-00-00 00:00:00'),
(27, 'Ubah Persen Bonus', 'admin/persenbonus', '0000-00-00 00:00:00', '0000-00-00 00:00:00'),
(28, 'Laporan Bulanan Karyawan', 'admin/adminlaporankaryawan', '2016-07-24 17:00:00', '2016-07-24 17:00:00'),
(29, 'Input Saldo Tabungan', 'inputdata/saldotabungan', '2016-07-24 17:00:00', '2016-07-24 17:00:00');

-- --------------------------------------------------------

--
-- Table structure for table `mm02`
--

CREATE TABLE `mm02` (
  `id` int(10) UNSIGNED NOT NULL,
  `mk01_id` int(10) UNSIGNED NOT NULL,
  `mm01_id` int(10) UNSIGNED NOT NULL,
  `created_at` timestamp NOT NULL DEFAULT '0000-00-00 00:00:00',
  `updated_at` timestamp NOT NULL DEFAULT '0000-00-00 00:00:00'
) ENGINE=InnoDB DEFAULT CHARSET=utf8 COLLATE=utf8_unicode_ci;

--
-- Dumping data for table `mm02`
--

INSERT INTO `mm02` (`id`, `mk01_id`, `mm01_id`, `created_at`, `updated_at`) VALUES
(199, 2, 13, '2016-06-11 07:54:18', '2016-06-11 07:54:18'),
(200, 2, 14, '2016-06-11 07:54:18', '2016-06-11 07:54:18'),
(201, 2, 15, '2016-06-11 07:54:18', '2016-06-11 07:54:18'),
(202, 2, 16, '2016-06-11 07:54:18', '2016-06-11 07:54:18'),
(203, 2, 17, '2016-06-11 07:54:18', '2016-06-11 07:54:18'),
(204, 2, 18, '2016-06-11 07:54:18', '2016-06-11 07:54:18'),
(206, 3, 13, '2016-06-11 07:57:06', '2016-06-11 07:57:06'),
(207, 3, 14, '2016-06-11 07:57:06', '2016-06-11 07:57:06'),
(208, 3, 15, '2016-06-11 07:57:06', '2016-06-11 07:57:06'),
(209, 3, 16, '2016-06-11 07:57:06', '2016-06-11 07:57:06'),
(210, 3, 17, '2016-06-11 07:57:06', '2016-06-11 07:57:06'),
(211, 3, 18, '2016-06-11 07:57:06', '2016-06-11 07:57:06'),
(220, 5, 13, '2016-06-11 08:55:52', '2016-06-11 08:55:52'),
(221, 5, 14, '2016-06-11 08:55:52', '2016-06-11 08:55:52'),
(222, 5, 15, '2016-06-11 08:55:52', '2016-06-11 08:55:52'),
(223, 5, 16, '2016-06-11 08:55:52', '2016-06-11 08:55:52'),
(224, 5, 17, '2016-06-11 08:55:52', '2016-06-11 08:55:52'),
(225, 5, 18, '2016-06-11 08:55:52', '2016-06-11 08:55:52'),
(227, 6, 1, '2016-06-11 08:56:46', '2016-06-11 08:56:46'),
(228, 6, 2, '2016-06-11 08:56:46', '2016-06-11 08:56:46'),
(229, 6, 3, '2016-06-11 08:56:46', '2016-06-11 08:56:46'),
(230, 6, 4, '2016-06-11 08:56:46', '2016-06-11 08:56:46'),
(231, 6, 5, '2016-06-11 08:56:46', '2016-06-11 08:56:46'),
(232, 6, 6, '2016-06-11 08:56:46', '2016-06-11 08:56:46'),
(233, 6, 7, '2016-06-11 08:56:46', '2016-06-11 08:56:46'),
(234, 6, 8, '2016-06-11 08:56:46', '2016-06-11 08:56:46'),
(235, 6, 9, '2016-06-11 08:56:46', '2016-06-11 08:56:46'),
(236, 6, 10, '2016-06-11 08:56:46', '2016-06-11 08:56:46'),
(237, 6, 11, '2016-06-11 08:56:46', '2016-06-11 08:56:46'),
(238, 6, 12, '2016-06-11 08:56:46', '2016-06-11 08:56:46'),
(239, 6, 13, '2016-06-11 08:56:46', '2016-06-11 08:56:46'),
(240, 6, 19, '2016-06-11 08:56:46', '2016-06-11 08:56:46'),
(241, 6, 20, '2016-06-11 08:56:46', '2016-06-11 08:56:46'),
(242, 6, 21, '2016-06-11 08:56:46', '2016-06-11 08:56:46'),
(243, 6, 22, '2016-06-11 08:56:46', '2016-06-11 08:56:46'),
(244, 6, 23, '2016-06-11 08:56:46', '2016-06-11 08:56:46'),
(245, 6, 24, '2016-06-11 08:56:46', '2016-06-11 08:56:46'),
(258, 7, 1, '2016-06-11 08:57:41', '2016-06-11 08:57:41'),
(259, 7, 2, '2016-06-11 08:57:41', '2016-06-11 08:57:41'),
(260, 7, 3, '2016-06-11 08:57:41', '2016-06-11 08:57:41'),
(261, 7, 4, '2016-06-11 08:57:41', '2016-06-11 08:57:41'),
(262, 7, 5, '2016-06-11 08:57:41', '2016-06-11 08:57:41'),
(263, 7, 6, '2016-06-11 08:57:41', '2016-06-11 08:57:41'),
(264, 7, 7, '2016-06-11 08:57:41', '2016-06-11 08:57:41'),
(265, 7, 8, '2016-06-11 08:57:41', '2016-06-11 08:57:41'),
(266, 7, 9, '2016-06-11 08:57:41', '2016-06-11 08:57:41'),
(267, 7, 10, '2016-06-11 08:57:41', '2016-06-11 08:57:41'),
(268, 7, 11, '2016-06-11 08:57:41', '2016-06-11 08:57:41'),
(269, 7, 12, '2016-06-11 08:57:41', '2016-06-11 08:57:41'),
(270, 7, 13, '2016-06-11 08:57:41', '2016-06-11 08:57:41'),
(271, 7, 19, '2016-06-11 08:57:41', '2016-06-11 08:57:41'),
(272, 7, 20, '2016-06-11 08:57:41', '2016-06-11 08:57:41'),
(273, 7, 21, '2016-06-11 08:57:41', '2016-06-11 08:57:41'),
(274, 7, 22, '2016-06-11 08:57:41', '2016-06-11 08:57:41'),
(275, 7, 23, '2016-06-11 08:57:41', '2016-06-11 08:57:41'),
(276, 7, 24, '2016-06-11 08:57:41', '2016-06-11 08:57:41'),
(289, 8, 13, '2016-06-11 08:58:20', '2016-06-11 08:58:20'),
(290, 8, 14, '2016-06-11 08:58:20', '2016-06-11 08:58:20'),
(291, 8, 15, '2016-06-11 08:58:20', '2016-06-11 08:58:20'),
(292, 8, 16, '2016-06-11 08:58:20', '2016-06-11 08:58:20'),
(293, 8, 17, '2016-06-11 08:58:20', '2016-06-11 08:58:20'),
(294, 8, 18, '2016-06-11 08:58:20', '2016-06-11 08:58:20'),
(296, 9, 13, '2016-06-11 08:59:01', '2016-06-11 08:59:01'),
(297, 9, 14, '2016-06-11 08:59:01', '2016-06-11 08:59:01'),
(298, 9, 15, '2016-06-11 08:59:01', '2016-06-11 08:59:01'),
(299, 9, 16, '2016-06-11 08:59:01', '2016-06-11 08:59:01'),
(300, 9, 17, '2016-06-11 08:59:01', '2016-06-11 08:59:01'),
(301, 9, 18, '2016-06-11 08:59:01', '2016-06-11 08:59:01'),
(303, 10, 13, '2016-06-11 08:59:43', '2016-06-11 08:59:43'),
(304, 10, 14, '2016-06-11 08:59:43', '2016-06-11 08:59:43'),
(305, 10, 15, '2016-06-11 08:59:43', '2016-06-11 08:59:43'),
(306, 10, 16, '2016-06-11 08:59:43', '2016-06-11 08:59:43'),
(307, 10, 17, '2016-06-11 08:59:43', '2016-06-11 08:59:43'),
(308, 10, 18, '2016-06-11 08:59:43', '2016-06-11 08:59:43'),
(310, 11, 13, '2016-06-11 09:11:48', '2016-06-11 09:11:48'),
(311, 11, 14, '2016-06-11 09:11:48', '2016-06-11 09:11:48'),
(312, 11, 15, '2016-06-11 09:11:48', '2016-06-11 09:11:48'),
(313, 11, 16, '2016-06-11 09:11:48', '2016-06-11 09:11:48'),
(314, 11, 17, '2016-06-11 09:11:48', '2016-06-11 09:11:48'),
(315, 11, 18, '2016-06-11 09:11:48', '2016-06-11 09:11:48'),
(317, 12, 13, '2016-06-11 09:14:32', '2016-06-11 09:14:32'),
(318, 12, 14, '2016-06-11 09:14:32', '2016-06-11 09:14:32'),
(319, 12, 15, '2016-06-11 09:14:32', '2016-06-11 09:14:32'),
(320, 12, 16, '2016-06-11 09:14:32', '2016-06-11 09:14:32'),
(321, 12, 17, '2016-06-11 09:14:32', '2016-06-11 09:14:32'),
(322, 12, 18, '2016-06-11 09:14:32', '2016-06-11 09:14:32'),
(365, 13, 1, '2016-07-23 09:35:10', '2016-07-23 09:35:10'),
(366, 13, 2, '2016-07-23 09:35:10', '2016-07-23 09:35:10'),
(367, 13, 3, '2016-07-23 09:35:10', '2016-07-23 09:35:10'),
(368, 13, 4, '2016-07-23 09:35:10', '2016-07-23 09:35:10'),
(369, 13, 5, '2016-07-23 09:35:10', '2016-07-23 09:35:10'),
(370, 13, 6, '2016-07-23 09:35:10', '2016-07-23 09:35:10'),
(371, 13, 7, '2016-07-23 09:35:10', '2016-07-23 09:35:10'),
(372, 13, 8, '2016-07-23 09:35:10', '2016-07-23 09:35:10'),
(373, 13, 9, '2016-07-23 09:35:10', '2016-07-23 09:35:10'),
(374, 13, 10, '2016-07-23 09:35:10', '2016-07-23 09:35:10'),
(375, 13, 11, '2016-07-23 09:35:10', '2016-07-23 09:35:10'),
(376, 13, 12, '2016-07-23 09:35:10', '2016-07-23 09:35:10'),
(377, 13, 13, '2016-07-23 09:35:10', '2016-07-23 09:35:10'),
(378, 13, 19, '2016-07-23 09:35:10', '2016-07-23 09:35:10'),
(379, 13, 20, '2016-07-23 09:35:10', '2016-07-23 09:35:10'),
(380, 13, 21, '2016-07-23 09:35:10', '2016-07-23 09:35:10'),
(381, 13, 22, '2016-07-23 09:35:10', '2016-07-23 09:35:10'),
(382, 13, 23, '2016-07-23 09:35:10', '2016-07-23 09:35:10'),
(383, 13, 24, '2016-07-23 09:35:10', '2016-07-23 09:35:10'),
(384, 13, 25, '2016-07-23 09:35:10', '2016-07-23 09:35:10'),
(385, 13, 26, '2016-07-23 09:35:10', '2016-07-23 09:35:10'),
(386, 13, 27, '2016-07-23 09:35:10', '2016-07-23 09:35:10'),
(413, 4, 14, '0000-00-00 00:00:00', '0000-00-00 00:00:00'),
(414, 4, 15, '0000-00-00 00:00:00', '0000-00-00 00:00:00'),
(415, 4, 16, '0000-00-00 00:00:00', '0000-00-00 00:00:00'),
(416, 4, 17, '0000-00-00 00:00:00', '0000-00-00 00:00:00'),
(417, 4, 18, '0000-00-00 00:00:00', '0000-00-00 00:00:00'),
(418, 4, 28, '0000-00-00 00:00:00', '0000-00-00 00:00:00'),
(419, 1, 1, '0000-00-00 00:00:00', '0000-00-00 00:00:00'),
(420, 1, 2, '0000-00-00 00:00:00', '0000-00-00 00:00:00'),
(421, 1, 3, '0000-00-00 00:00:00', '0000-00-00 00:00:00'),
(422, 1, 4, '0000-00-00 00:00:00', '0000-00-00 00:00:00'),
(423, 1, 5, '0000-00-00 00:00:00', '0000-00-00 00:00:00'),
(424, 1, 6, '0000-00-00 00:00:00', '0000-00-00 00:00:00'),
(425, 1, 7, '0000-00-00 00:00:00', '0000-00-00 00:00:00'),
(426, 1, 8, '0000-00-00 00:00:00', '0000-00-00 00:00:00'),
(427, 1, 9, '0000-00-00 00:00:00', '0000-00-00 00:00:00'),
(428, 1, 10, '0000-00-00 00:00:00', '0000-00-00 00:00:00'),
(429, 1, 11, '0000-00-00 00:00:00', '0000-00-00 00:00:00'),
(430, 1, 12, '0000-00-00 00:00:00', '0000-00-00 00:00:00'),
(431, 1, 19, '0000-00-00 00:00:00', '0000-00-00 00:00:00'),
(432, 1, 20, '0000-00-00 00:00:00', '0000-00-00 00:00:00'),
(433, 1, 21, '0000-00-00 00:00:00', '0000-00-00 00:00:00'),
(434, 1, 22, '0000-00-00 00:00:00', '0000-00-00 00:00:00'),
(435, 1, 23, '0000-00-00 00:00:00', '0000-00-00 00:00:00'),
(436, 1, 24, '0000-00-00 00:00:00', '0000-00-00 00:00:00'),
(437, 1, 25, '0000-00-00 00:00:00', '0000-00-00 00:00:00'),
(438, 1, 26, '0000-00-00 00:00:00', '0000-00-00 00:00:00'),
(439, 1, 27, '0000-00-00 00:00:00', '0000-00-00 00:00:00'),
(440, 1, 29, '0000-00-00 00:00:00', '0000-00-00 00:00:00');

-- --------------------------------------------------------

--
-- Table structure for table `mz01`
--

CREATE TABLE `mz01` (
  `idomzt` int(10) UNSIGNED NOT NULL,
  `jenomzt` varchar(255) COLLATE utf8_unicode_ci NOT NULL,
  `nilomzt` bigint(20) NOT NULL,
  `created_at` timestamp NOT NULL DEFAULT '0000-00-00 00:00:00',
  `updated_at` timestamp NOT NULL DEFAULT '0000-00-00 00:00:00'
) ENGINE=InnoDB DEFAULT CHARSET=utf8 COLLATE=utf8_unicode_ci;

-- --------------------------------------------------------

--
-- Table structure for table `ta01`
--

CREATE TABLE `ta01` (
  `idabs` int(10) UNSIGNED NOT NULL,
  `tglabs` datetime NOT NULL,
  `tipe` varchar(255) COLLATE utf8_unicode_ci NOT NULL,
  `idjk` int(10) UNSIGNED NOT NULL,
  `created_at` timestamp NOT NULL DEFAULT '0000-00-00 00:00:00',
  `updated_at` timestamp NOT NULL DEFAULT '0000-00-00 00:00:00'
) ENGINE=InnoDB DEFAULT CHARSET=utf8 COLLATE=utf8_unicode_ci;

--
-- Dumping data for table `ta01`
--

INSERT INTO `ta01` (`idabs`, `tglabs`, `tipe`, `idjk`, `created_at`, `updated_at`) VALUES
(11, '2016-06-11 00:00:00', '1', 4, '2016-06-11 16:23:22', '2016-06-11 16:23:22'),
(12, '2016-06-11 00:00:00', '1', 3, '2016-06-11 16:24:23', '2016-06-11 16:24:23'),
(13, '2016-06-11 00:00:00', '1', 1, '2016-06-11 16:35:44', '2016-06-11 16:35:44');

-- --------------------------------------------------------

--
-- Table structure for table `ta02`
--

CREATE TABLE `ta02` (
  `id` int(10) UNSIGNED NOT NULL,
  `ta01_id` int(10) UNSIGNED NOT NULL,
  `mk01_id` int(10) UNSIGNED NOT NULL,
  `tglmsk` datetime NOT NULL,
  `abscd` tinyint(4) NOT NULL,
  `created_at` timestamp NOT NULL DEFAULT '0000-00-00 00:00:00',
  `updated_at` timestamp NOT NULL DEFAULT '0000-00-00 00:00:00'
) ENGINE=InnoDB DEFAULT CHARSET=utf8 COLLATE=utf8_unicode_ci;

--
-- Dumping data for table `ta02`
--

INSERT INTO `ta02` (`id`, `ta01_id`, `mk01_id`, `tglmsk`, `abscd`, `created_at`, `updated_at`) VALUES
(1, 11, 12, '2016-06-11 23:23:36', 0, '2016-06-11 16:23:22', '2016-06-11 16:23:22'),
(2, 11, 12, '2016-06-11 23:23:53', 1, '2016-06-11 16:23:38', '2016-06-11 16:23:38'),
(3, 12, 12, '2016-06-11 23:24:25', 0, '2016-06-11 16:24:23', '2016-06-11 16:24:23'),
(4, 12, 12, '2016-06-11 23:26:33', 1, '2016-06-11 16:26:18', '2016-06-11 16:26:18'),
(5, 12, 12, '2016-06-11 23:26:44', 4, '2016-06-11 16:26:30', '2016-06-11 16:26:30'),
(6, 12, 12, '2016-06-11 23:26:52', 2, '2016-06-11 16:26:39', '2016-06-11 16:26:39'),
(7, 11, 12, '2016-06-11 23:27:31', 2, '2016-06-11 16:27:17', '2016-06-11 16:27:17'),
(8, 11, 12, '2016-06-11 23:27:43', 3, '2016-06-11 16:27:29', '2016-06-11 16:27:29'),
(9, 12, 12, '2016-06-11 23:28:32', 3, '2016-06-11 16:28:18', '2016-06-11 16:28:18'),
(10, 13, 10, '2016-06-11 23:35:12', 0, '2016-06-11 16:35:44', '2016-06-11 16:35:44'),
(11, 13, 10, '2016-06-11 23:36:20', 1, '2016-06-11 16:36:06', '2016-06-11 16:36:06');

-- --------------------------------------------------------

--
-- Table structure for table `ta03`
--

CREATE TABLE `ta03` (
  `id` int(10) UNSIGNED NOT NULL,
  `tglabs` datetime NOT NULL,
  `durasi` int(11) NOT NULL,
  `jenis` char(6) COLLATE utf8_unicode_ci NOT NULL,
  `idkar` int(10) UNSIGNED NOT NULL,
  `created_at` timestamp NOT NULL DEFAULT '0000-00-00 00:00:00',
  `updated_at` timestamp NOT NULL DEFAULT '0000-00-00 00:00:00'
) ENGINE=InnoDB DEFAULT CHARSET=utf8 COLLATE=utf8_unicode_ci;

--
-- Dumping data for table `ta03`
--

INSERT INTO `ta03` (`id`, `tglabs`, `durasi`, `jenis`, `idkar`, `created_at`, `updated_at`) VALUES
(2, '2016-06-18 00:00:00', 24, 'Alpha', 2, '2016-06-18 06:00:14', '2016-06-18 06:00:14'),
(3, '2016-07-10 00:00:00', 24, 'Cuti', 2, '2016-07-10 06:46:15', '2016-07-10 06:46:15'),
(4, '2016-07-11 00:00:00', 24, 'Alpha', 2, '2016-07-10 06:46:36', '2016-07-10 06:46:36');

-- --------------------------------------------------------

--
-- Table structure for table `tg01`
--

CREATE TABLE `tg01` (
  `idtg` int(10) UNSIGNED NOT NULL,
  `nortg` text COLLATE utf8_unicode_ci NOT NULL,
  `tgltg` datetime NOT NULL,
  `tglgjsblm` datetime NOT NULL,
  `status` varchar(255) COLLATE utf8_unicode_ci NOT NULL,
  `ttlgj` int(11) NOT NULL,
  `ttlbns` int(11) NOT NULL,
  `idkar` int(10) UNSIGNED NOT NULL,
  `created_at` timestamp NOT NULL DEFAULT '0000-00-00 00:00:00',
  `updated_at` timestamp NOT NULL DEFAULT '0000-00-00 00:00:00'
) ENGINE=InnoDB DEFAULT CHARSET=utf8 COLLATE=utf8_unicode_ci;

--
-- Dumping data for table `tg01`
--

INSERT INTO `tg01` (`idtg`, `nortg`, `tgltg`, `tglgjsblm`, `status`, `ttlgj`, `ttlbns`, `idkar`, `created_at`, `updated_at`) VALUES
(1, 'GJ10616', '2016-05-12 00:00:00', '2016-04-12 00:00:00', 'Y', 3000000, 0, 1, '2016-06-16 04:36:42', '2016-06-16 04:51:52'),
(2, 'GJ20616', '2016-06-12 00:00:00', '2016-05-12 00:00:00', 'Y', 3000000, -400000, 1, '2016-06-16 04:39:17', '2016-06-16 04:53:01'),
(3, 'GJ30716', '2016-07-11 00:00:00', '2016-06-11 00:00:00', 'Y', 3050000, 0, 2, '2016-07-10 07:01:04', '2016-07-10 07:01:09'),
(4, 'GJ40716', '2016-07-11 00:00:00', '2016-06-11 00:00:00', 'N', 2750000, 0, 3, '2016-07-23 07:16:21', '2016-07-23 07:16:21'),
(5, 'GJ50716', '2016-07-11 00:00:00', '2016-06-11 00:00:00', 'N', 2750000, 0, 4, '2016-07-23 07:52:26', '2016-07-23 07:52:26'),
(6, 'GJ60716', '2016-07-11 00:00:00', '2016-06-11 00:00:00', 'N', 2500000, 0, 6, '2016-07-23 07:53:14', '2016-07-23 07:53:14'),
(9, 'GJ90716', '2016-07-11 00:00:00', '2016-06-11 00:00:00', 'N', 2750000, 275000, 7, '2016-07-23 07:56:54', '2016-07-23 07:56:54'),
(10, 'GJ100716', '2016-07-11 00:00:00', '2016-06-11 00:00:00', 'N', 2750000, 550000, 9, '2016-07-23 08:35:25', '2016-07-23 08:35:25'),
(11, 'GJ110716', '2016-07-11 00:00:00', '2016-06-11 00:00:00', 'N', 2750000, 550000, 10, '2016-07-23 08:39:05', '2016-07-23 08:39:05');

-- --------------------------------------------------------

--
-- Table structure for table `tg02`
--

CREATE TABLE `tg02` (
  `id` int(10) UNSIGNED NOT NULL,
  `tg01_id` int(10) UNSIGNED NOT NULL,
  `mg01_id` int(10) UNSIGNED NOT NULL,
  `jmtgh` int(11) NOT NULL,
  `nmlgj` int(11) NOT NULL,
  `created_at` timestamp NOT NULL DEFAULT '0000-00-00 00:00:00',
  `updated_at` timestamp NOT NULL DEFAULT '0000-00-00 00:00:00'
) ENGINE=InnoDB DEFAULT CHARSET=utf8 COLLATE=utf8_unicode_ci;

--
-- Dumping data for table `tg02`
--

INSERT INTO `tg02` (`id`, `tg01_id`, `mg01_id`, `jmtgh`, `nmlgj`, `created_at`, `updated_at`) VALUES
(1, 1, 1, 1, 3000000, '2016-06-16 04:36:42', '2016-06-16 04:36:42'),
(2, 1, 2, 0, 120000, '2016-06-16 04:36:42', '2016-06-16 04:36:42'),
(3, 2, 1, 1, 3000000, '2016-06-16 04:39:17', '2016-06-16 04:39:17'),
(4, 2, 2, 0, 120000, '2016-06-16 04:39:17', '2016-06-16 04:39:17'),
(5, 3, 1, 1, 3000000, '2016-07-10 07:01:04', '2016-07-10 07:01:04'),
(6, 4, 1, 1, 2750000, '2016-07-23 07:16:21', '2016-07-23 07:16:21'),
(7, 5, 1, 1, 2750000, '2016-07-23 07:52:26', '2016-07-23 07:52:26'),
(8, 6, 1, 1, 2500000, '2016-07-23 07:53:14', '2016-07-23 07:53:14'),
(11, 9, 1, 1, 2750000, '2016-07-23 07:56:54', '2016-07-23 07:56:54'),
(12, 10, 1, 1, 2750000, '2016-07-23 08:35:25', '2016-07-23 08:35:25'),
(13, 11, 1, 1, 2750000, '2016-07-23 08:39:05', '2016-07-23 08:39:05');

-- --------------------------------------------------------

--
-- Table structure for table `th01`
--

CREATE TABLE `th01` (
  `idhut` int(10) UNSIGNED NOT NULL,
  `norhut` text COLLATE utf8_unicode_ci NOT NULL,
  `tglhut` datetime NOT NULL,
  `jenhut` varchar(255) COLLATE utf8_unicode_ci NOT NULL,
  `jmlang` tinyint(4) NOT NULL,
  `nilhut` bigint(20) NOT NULL,
  `flglns` char(1) COLLATE utf8_unicode_ci NOT NULL,
  `idkar` int(10) UNSIGNED NOT NULL,
  `created_at` timestamp NOT NULL DEFAULT '0000-00-00 00:00:00',
  `updated_at` timestamp NOT NULL DEFAULT '0000-00-00 00:00:00'
) ENGINE=InnoDB DEFAULT CHARSET=utf8 COLLATE=utf8_unicode_ci;

-- --------------------------------------------------------

--
-- Table structure for table `th02`
--

CREATE TABLE `th02` (
  `idph` int(10) UNSIGNED NOT NULL,
  `tglph` datetime NOT NULL,
  `nilph` bigint(20) NOT NULL,
  `status` char(1) COLLATE utf8_unicode_ci NOT NULL,
  `idhut` int(10) UNSIGNED NOT NULL,
  `idtg` int(10) UNSIGNED NOT NULL,
  `created_at` timestamp NOT NULL DEFAULT '0000-00-00 00:00:00',
  `updated_at` timestamp NOT NULL DEFAULT '0000-00-00 00:00:00'
) ENGINE=InnoDB DEFAULT CHARSET=utf8 COLLATE=utf8_unicode_ci;

-- --------------------------------------------------------

--
-- Table structure for table `tp01`
--

CREATE TABLE `tp01` (
  `idpt` int(10) UNSIGNED NOT NULL,
  `tglpt` datetime NOT NULL,
  `nilpt` bigint(20) NOT NULL,
  `idkar` int(10) UNSIGNED NOT NULL,
  `created_at` timestamp NOT NULL DEFAULT '0000-00-00 00:00:00',
  `updated_at` timestamp NOT NULL DEFAULT '0000-00-00 00:00:00'
) ENGINE=InnoDB DEFAULT CHARSET=utf8 COLLATE=utf8_unicode_ci;

-- --------------------------------------------------------

--
-- Table structure for table `ts01`
--

CREATE TABLE `ts01` (
  `id` int(10) UNSIGNED NOT NULL,
  `tgltrans` datetime NOT NULL,
  `mk01_id` int(10) UNSIGNED NOT NULL,
  `tbsld` bigint(20) NOT NULL,
  `created_at` timestamp NOT NULL DEFAULT '0000-00-00 00:00:00',
  `updated_at` timestamp NOT NULL DEFAULT '0000-00-00 00:00:00'
) ENGINE=InnoDB DEFAULT CHARSET=utf8 COLLATE=utf8_unicode_ci;

--
-- Dumping data for table `ts01`
--

INSERT INTO `ts01` (`id`, `tgltrans`, `mk01_id`, `tbsld`, `created_at`, `updated_at`) VALUES
(1, '2016-07-26 14:12:40', 2, 2000000, '2016-07-26 07:12:40', '2016-07-26 07:12:40'),
(2, '2016-07-26 14:15:46', 2, 3000000, '2016-07-26 07:15:46', '2016-07-26 07:15:46'),
(3, '2016-07-26 14:16:07', 2, 2000000, '2016-07-26 07:16:07', '2016-07-26 07:16:07');

-- --------------------------------------------------------

--
-- Table structure for table `tt01`
--

CREATE TABLE `tt01` (
  `idtb` int(10) UNSIGNED NOT NULL,
  `nortb` text COLLATE utf8_unicode_ci NOT NULL,
  `tgltb` datetime NOT NULL,
  `niltb` bigint(20) NOT NULL,
  `idkar` int(10) UNSIGNED NOT NULL,
  `idtg` int(10) UNSIGNED NOT NULL,
  `created_at` timestamp NOT NULL DEFAULT '0000-00-00 00:00:00',
  `updated_at` timestamp NOT NULL DEFAULT '0000-00-00 00:00:00'
) ENGINE=InnoDB DEFAULT CHARSET=utf8 COLLATE=utf8_unicode_ci;

-- --------------------------------------------------------

--
-- Table structure for table `tt02`
--

CREATE TABLE `tt02` (
  `idtt` int(10) UNSIGNED NOT NULL,
  `nortt` text COLLATE utf8_unicode_ci NOT NULL,
  `tgltt` datetime NOT NULL,
  `niltt` bigint(20) NOT NULL,
  `idkar` int(10) UNSIGNED NOT NULL,
  `created_at` timestamp NOT NULL DEFAULT '0000-00-00 00:00:00',
  `updated_at` timestamp NOT NULL DEFAULT '0000-00-00 00:00:00'
) ENGINE=InnoDB DEFAULT CHARSET=utf8 COLLATE=utf8_unicode_ci;

-- --------------------------------------------------------

--
-- Table structure for table `tz01`
--

CREATE TABLE `tz01` (
  `id` int(10) UNSIGNED NOT NULL,
  `tglomz` datetime NOT NULL,
  `nilomz` int(11) NOT NULL,
  `idkar` int(10) UNSIGNED NOT NULL,
  `prsomz` float(8,2) NOT NULL,
  `created_at` timestamp NOT NULL DEFAULT '0000-00-00 00:00:00',
  `updated_at` timestamp NOT NULL DEFAULT '0000-00-00 00:00:00'
) ENGINE=InnoDB DEFAULT CHARSET=utf8 COLLATE=utf8_unicode_ci;

--
-- Dumping data for table `tz01`
--

INSERT INTO `tz01` (`id`, `tglomz`, `nilomz`, `idkar`, `prsomz`, `created_at`, `updated_at`) VALUES
(1, '2016-06-18 00:00:00', 500000, 1, 0.00, '2016-06-18 05:30:57', '2016-06-18 05:30:57'),
(2, '2016-07-10 00:00:00', 1000000, 2, 0.00, '2016-07-10 06:46:51', '2016-07-10 06:46:51');

--
-- Indexes for dumped tables
--

--
-- Indexes for table `mg01`
--
ALTER TABLE `mg01`
  ADD PRIMARY KEY (`idgj`);

--
-- Indexes for table `mg02`
--
ALTER TABLE `mg02`
  ADD PRIMARY KEY (`id`),
  ADD KEY `mg02_mk01_id_foreign` (`mk01_id`),
  ADD KEY `mg02_mg01_id_foreign` (`mg01_id`);

--
-- Indexes for table `mj01`
--
ALTER TABLE `mj01`
  ADD PRIMARY KEY (`idjb`);

--
-- Indexes for table `mj02`
--
ALTER TABLE `mj02`
  ADD PRIMARY KEY (`idjk`);

--
-- Indexes for table `mj03`
--
ALTER TABLE `mj03`
  ADD PRIMARY KEY (`id`),
  ADD KEY `mj03_mj02_id_foreign` (`mj02_id`),
  ADD KEY `mj03_mk01_id_foreign` (`mk01_id`);

--
-- Indexes for table `mk01`
--
ALTER TABLE `mk01`
  ADD PRIMARY KEY (`idkar`),
  ADD KEY `mk01_idjb_foreign` (`idjb`);

--
-- Indexes for table `mk02`
--
ALTER TABLE `mk02`
  ADD PRIMARY KEY (`id`),
  ADD KEY `mk02_mk01_id_parent_index` (`mk01_id_parent`),
  ADD KEY `mk02_mk01_id_child_index` (`mk01_id_child`);

--
-- Indexes for table `mk03`
--
ALTER TABLE `mk03`
  ADD PRIMARY KEY (`id`);

--
-- Indexes for table `mm01`
--
ALTER TABLE `mm01`
  ADD PRIMARY KEY (`idmnu`);

--
-- Indexes for table `mm02`
--
ALTER TABLE `mm02`
  ADD PRIMARY KEY (`id`),
  ADD KEY `mm02_mk01_id_foreign` (`mk01_id`),
  ADD KEY `mm02_mm01_id_foreign` (`mm01_id`);

--
-- Indexes for table `mz01`
--
ALTER TABLE `mz01`
  ADD PRIMARY KEY (`idomzt`);

--
-- Indexes for table `ta01`
--
ALTER TABLE `ta01`
  ADD PRIMARY KEY (`idabs`),
  ADD KEY `ta01_idjk_foreign` (`idjk`);

--
-- Indexes for table `ta02`
--
ALTER TABLE `ta02`
  ADD PRIMARY KEY (`id`),
  ADD KEY `ta02_ta01_id_foreign` (`ta01_id`),
  ADD KEY `ta02_mk01_id_foreign` (`mk01_id`);

--
-- Indexes for table `ta03`
--
ALTER TABLE `ta03`
  ADD PRIMARY KEY (`id`),
  ADD KEY `ta03_idkar_foreign` (`idkar`);

--
-- Indexes for table `tg01`
--
ALTER TABLE `tg01`
  ADD PRIMARY KEY (`idtg`),
  ADD KEY `tg01_idkar_foreign` (`idkar`);

--
-- Indexes for table `tg02`
--
ALTER TABLE `tg02`
  ADD PRIMARY KEY (`id`),
  ADD KEY `tg02_tg01_id_foreign` (`tg01_id`),
  ADD KEY `tg02_mg01_id_foreign` (`mg01_id`);

--
-- Indexes for table `th01`
--
ALTER TABLE `th01`
  ADD PRIMARY KEY (`idhut`),
  ADD KEY `th01_idkar_foreign` (`idkar`);

--
-- Indexes for table `th02`
--
ALTER TABLE `th02`
  ADD PRIMARY KEY (`idph`),
  ADD KEY `th02_idhut_foreign` (`idhut`),
  ADD KEY `th02_idtg_foreign` (`idtg`);

--
-- Indexes for table `tp01`
--
ALTER TABLE `tp01`
  ADD PRIMARY KEY (`idpt`),
  ADD KEY `tp01_idkar_foreign` (`idkar`);

--
-- Indexes for table `ts01`
--
ALTER TABLE `ts01`
  ADD PRIMARY KEY (`id`),
  ADD KEY `ts01_mk01_id_foreign` (`mk01_id`);

--
-- Indexes for table `tt01`
--
ALTER TABLE `tt01`
  ADD PRIMARY KEY (`idtb`),
  ADD KEY `tt01_idkar_foreign` (`idkar`),
  ADD KEY `tt01_idtg_foreign` (`idtg`);

--
-- Indexes for table `tt02`
--
ALTER TABLE `tt02`
  ADD PRIMARY KEY (`idtt`),
  ADD KEY `tt02_idkar_foreign` (`idkar`);

--
-- Indexes for table `tz01`
--
ALTER TABLE `tz01`
  ADD PRIMARY KEY (`id`),
  ADD KEY `tz01_idkar_index` (`idkar`);

--
-- AUTO_INCREMENT for dumped tables
--

--
-- AUTO_INCREMENT for table `mg01`
--
ALTER TABLE `mg01`
  MODIFY `idgj` int(10) UNSIGNED NOT NULL AUTO_INCREMENT, AUTO_INCREMENT=4;
--
-- AUTO_INCREMENT for table `mg02`
--
ALTER TABLE `mg02`
  MODIFY `id` int(10) UNSIGNED NOT NULL AUTO_INCREMENT, AUTO_INCREMENT=69;
--
-- AUTO_INCREMENT for table `mj01`
--
ALTER TABLE `mj01`
  MODIFY `idjb` int(10) UNSIGNED NOT NULL AUTO_INCREMENT, AUTO_INCREMENT=5;
--
-- AUTO_INCREMENT for table `mj02`
--
ALTER TABLE `mj02`
  MODIFY `idjk` int(10) UNSIGNED NOT NULL AUTO_INCREMENT, AUTO_INCREMENT=7;
--
-- AUTO_INCREMENT for table `mj03`
--
ALTER TABLE `mj03`
  MODIFY `id` int(10) UNSIGNED NOT NULL AUTO_INCREMENT, AUTO_INCREMENT=53;
--
-- AUTO_INCREMENT for table `mk01`
--
ALTER TABLE `mk01`
  MODIFY `idkar` int(10) UNSIGNED NOT NULL AUTO_INCREMENT, AUTO_INCREMENT=14;
--
-- AUTO_INCREMENT for table `mk02`
--
ALTER TABLE `mk02`
  MODIFY `id` int(10) UNSIGNED NOT NULL AUTO_INCREMENT, AUTO_INCREMENT=28;
--
-- AUTO_INCREMENT for table `mk03`
--
ALTER TABLE `mk03`
  MODIFY `id` int(10) UNSIGNED NOT NULL AUTO_INCREMENT, AUTO_INCREMENT=2;
--
-- AUTO_INCREMENT for table `mm01`
--
ALTER TABLE `mm01`
  MODIFY `idmnu` int(10) UNSIGNED NOT NULL AUTO_INCREMENT, AUTO_INCREMENT=30;
--
-- AUTO_INCREMENT for table `mm02`
--
ALTER TABLE `mm02`
  MODIFY `id` int(10) UNSIGNED NOT NULL AUTO_INCREMENT, AUTO_INCREMENT=441;
--
-- AUTO_INCREMENT for table `mz01`
--
ALTER TABLE `mz01`
  MODIFY `idomzt` int(10) UNSIGNED NOT NULL AUTO_INCREMENT;
--
-- AUTO_INCREMENT for table `ta01`
--
ALTER TABLE `ta01`
  MODIFY `idabs` int(10) UNSIGNED NOT NULL AUTO_INCREMENT, AUTO_INCREMENT=14;
--
-- AUTO_INCREMENT for table `ta02`
--
ALTER TABLE `ta02`
  MODIFY `id` int(10) UNSIGNED NOT NULL AUTO_INCREMENT, AUTO_INCREMENT=12;
--
-- AUTO_INCREMENT for table `ta03`
--
ALTER TABLE `ta03`
  MODIFY `id` int(10) UNSIGNED NOT NULL AUTO_INCREMENT, AUTO_INCREMENT=5;
--
-- AUTO_INCREMENT for table `tg01`
--
ALTER TABLE `tg01`
  MODIFY `idtg` int(10) UNSIGNED NOT NULL AUTO_INCREMENT, AUTO_INCREMENT=12;
--
-- AUTO_INCREMENT for table `tg02`
--
ALTER TABLE `tg02`
  MODIFY `id` int(10) UNSIGNED NOT NULL AUTO_INCREMENT, AUTO_INCREMENT=14;
--
-- AUTO_INCREMENT for table `th01`
--
ALTER TABLE `th01`
  MODIFY `idhut` int(10) UNSIGNED NOT NULL AUTO_INCREMENT;
--
-- AUTO_INCREMENT for table `th02`
--
ALTER TABLE `th02`
  MODIFY `idph` int(10) UNSIGNED NOT NULL AUTO_INCREMENT;
--
-- AUTO_INCREMENT for table `tp01`
--
ALTER TABLE `tp01`
  MODIFY `idpt` int(10) UNSIGNED NOT NULL AUTO_INCREMENT;
--
-- AUTO_INCREMENT for table `ts01`
--
ALTER TABLE `ts01`
  MODIFY `id` int(10) UNSIGNED NOT NULL AUTO_INCREMENT, AUTO_INCREMENT=4;
--
-- AUTO_INCREMENT for table `tt01`
--
ALTER TABLE `tt01`
  MODIFY `idtb` int(10) UNSIGNED NOT NULL AUTO_INCREMENT;
--
-- AUTO_INCREMENT for table `tt02`
--
ALTER TABLE `tt02`
  MODIFY `idtt` int(10) UNSIGNED NOT NULL AUTO_INCREMENT;
--
-- AUTO_INCREMENT for table `tz01`
--
ALTER TABLE `tz01`
  MODIFY `id` int(10) UNSIGNED NOT NULL AUTO_INCREMENT, AUTO_INCREMENT=3;
--
-- Constraints for dumped tables
--

--
-- Constraints for table `mg02`
--
ALTER TABLE `mg02`
  ADD CONSTRAINT `mg02_mg01_id_foreign` FOREIGN KEY (`mg01_id`) REFERENCES `mg01` (`idgj`),
  ADD CONSTRAINT `mg02_mk01_id_foreign` FOREIGN KEY (`mk01_id`) REFERENCES `mk01` (`idkar`);

--
-- Constraints for table `mj03`
--
ALTER TABLE `mj03`
  ADD CONSTRAINT `mj03_mj02_id_foreign` FOREIGN KEY (`mj02_id`) REFERENCES `mj02` (`idjk`),
  ADD CONSTRAINT `mj03_mk01_id_foreign` FOREIGN KEY (`mk01_id`) REFERENCES `mk01` (`idkar`);

--
-- Constraints for table `mk01`
--
ALTER TABLE `mk01`
  ADD CONSTRAINT `mk01_idjb_foreign` FOREIGN KEY (`idjb`) REFERENCES `mj01` (`idjb`);

--
-- Constraints for table `mk02`
--
ALTER TABLE `mk02`
  ADD CONSTRAINT `mk02_mk01_id_child_foreign` FOREIGN KEY (`mk01_id_child`) REFERENCES `mk01` (`idkar`),
  ADD CONSTRAINT `mk02_mk01_id_parent_foreign` FOREIGN KEY (`mk01_id_parent`) REFERENCES `mk01` (`idkar`);

--
-- Constraints for table `mm02`
--
ALTER TABLE `mm02`
  ADD CONSTRAINT `mm02_mk01_id_foreign` FOREIGN KEY (`mk01_id`) REFERENCES `mk01` (`idkar`),
  ADD CONSTRAINT `mm02_mm01_id_foreign` FOREIGN KEY (`mm01_id`) REFERENCES `mm01` (`idmnu`);

--
-- Constraints for table `ta01`
--
ALTER TABLE `ta01`
  ADD CONSTRAINT `ta01_idjk_foreign` FOREIGN KEY (`idjk`) REFERENCES `mj02` (`idjk`);

--
-- Constraints for table `ta02`
--
ALTER TABLE `ta02`
  ADD CONSTRAINT `ta02_mk01_id_foreign` FOREIGN KEY (`mk01_id`) REFERENCES `mk01` (`idkar`),
  ADD CONSTRAINT `ta02_ta01_id_foreign` FOREIGN KEY (`ta01_id`) REFERENCES `ta01` (`idabs`);

--
-- Constraints for table `ta03`
--
ALTER TABLE `ta03`
  ADD CONSTRAINT `ta03_idkar_foreign` FOREIGN KEY (`idkar`) REFERENCES `mk01` (`idkar`);

--
-- Constraints for table `tg01`
--
ALTER TABLE `tg01`
  ADD CONSTRAINT `tg01_idkar_foreign` FOREIGN KEY (`idkar`) REFERENCES `mk01` (`idkar`);

--
-- Constraints for table `tg02`
--
ALTER TABLE `tg02`
  ADD CONSTRAINT `tg02_mg01_id_foreign` FOREIGN KEY (`mg01_id`) REFERENCES `mg01` (`idgj`),
  ADD CONSTRAINT `tg02_tg01_id_foreign` FOREIGN KEY (`tg01_id`) REFERENCES `tg01` (`idtg`);

--
-- Constraints for table `th01`
--
ALTER TABLE `th01`
  ADD CONSTRAINT `th01_idkar_foreign` FOREIGN KEY (`idkar`) REFERENCES `mk01` (`idkar`);

--
-- Constraints for table `th02`
--
ALTER TABLE `th02`
  ADD CONSTRAINT `th02_idhut_foreign` FOREIGN KEY (`idhut`) REFERENCES `th01` (`idhut`);

--
-- Constraints for table `tp01`
--
ALTER TABLE `tp01`
  ADD CONSTRAINT `tp01_idkar_foreign` FOREIGN KEY (`idkar`) REFERENCES `mk01` (`idkar`);

--
-- Constraints for table `ts01`
--
ALTER TABLE `ts01`
  ADD CONSTRAINT `ts01_mk01_id_foreign` FOREIGN KEY (`mk01_id`) REFERENCES `mk01` (`idkar`);

--
-- Constraints for table `tt01`
--
ALTER TABLE `tt01`
  ADD CONSTRAINT `tt01_idkar_foreign` FOREIGN KEY (`idkar`) REFERENCES `mk01` (`idkar`);

--
-- Constraints for table `tt02`
--
ALTER TABLE `tt02`
  ADD CONSTRAINT `tt02_idkar_foreign` FOREIGN KEY (`idkar`) REFERENCES `mk01` (`idkar`);

--
-- Constraints for table `tz01`
--
ALTER TABLE `tz01`
  ADD CONSTRAINT `tz01_idkar_foreign` FOREIGN KEY (`idkar`) REFERENCES `mk01` (`idkar`);

/*!40101 SET CHARACTER_SET_CLIENT=@OLD_CHARACTER_SET_CLIENT */;
/*!40101 SET CHARACTER_SET_RESULTS=@OLD_CHARACTER_SET_RESULTS */;
/*!40101 SET COLLATION_CONNECTION=@OLD_COLLATION_CONNECTION */;
