-- phpMyAdmin SQL Dump
-- version 4.5.1
-- http://www.phpmyadmin.net
--
-- Host: 127.0.0.1
-- Generation Time: Aug 06, 2016 at 02:32 PM
-- Server version: 10.1.8-MariaDB
-- PHP Version: 5.6.14

SET SQL_MODE = "NO_AUTO_VALUE_ON_ZERO";
SET time_zone = "+00:00";


/*!40101 SET @OLD_CHARACTER_SET_CLIENT=@@CHARACTER_SET_CLIENT */;
/*!40101 SET @OLD_CHARACTER_SET_RESULTS=@@CHARACTER_SET_RESULTS */;
/*!40101 SET @OLD_COLLATION_CONNECTION=@@COLLATION_CONNECTION */;
/*!40101 SET NAMES utf8mb4 */;

--
-- Database: `absensi`
--

-- --------------------------------------------------------

--
-- Table structure for table `mg01`
--

CREATE TABLE `mg01` (
  `idgj` int(10) UNSIGNED NOT NULL,
  `jenis` varchar(255) COLLATE utf8_unicode_ci NOT NULL,
  `jmltgh` int(11) NOT NULL,
  `jntgh` char(10) COLLATE utf8_unicode_ci NOT NULL,
  `abscd` int(11) NOT NULL,
  `status` char(1) COLLATE utf8_unicode_ci NOT NULL,
  `created_at` timestamp NOT NULL DEFAULT '0000-00-00 00:00:00',
  `updated_at` timestamp NOT NULL DEFAULT '0000-00-00 00:00:00'
) ENGINE=InnoDB DEFAULT CHARSET=utf8 COLLATE=utf8_unicode_ci;

--
-- Dumping data for table `mg01`
--

INSERT INTO `mg01` (`idgj`, `jenis`, `jmltgh`, `jntgh`, `abscd`, `status`, `created_at`, `updated_at`) VALUES
(4, 'GAJI POKOK', 30, 'Bulan', 0, 'Y', '2016-07-31 06:08:08', '2016-07-31 06:08:08'),
(5, 'GAJI HARIAN', 1, 'Hari', 0, 'Y', '2016-07-31 06:08:21', '2016-07-31 06:08:21'),
(6, 'UANG MAKAN', 1, 'Hari', 0, 'Y', '2016-07-31 06:08:31', '2016-07-31 06:08:31'),
(7, 'GAJI LEMBUR', 1, 'Jam', 0, 'Y', '2016-07-31 06:08:51', '2016-07-31 06:08:51');

-- --------------------------------------------------------

--
-- Table structure for table `mg02`
--

CREATE TABLE `mg02` (
  `id` int(10) UNSIGNED NOT NULL,
  `mk01_id` int(10) UNSIGNED NOT NULL,
  `mg01_id` int(10) UNSIGNED NOT NULL,
  `nilgj` bigint(20) NOT NULL,
  `created_at` timestamp NOT NULL DEFAULT '0000-00-00 00:00:00',
  `updated_at` timestamp NOT NULL DEFAULT '0000-00-00 00:00:00'
) ENGINE=InnoDB DEFAULT CHARSET=utf8 COLLATE=utf8_unicode_ci;

--
-- Dumping data for table `mg02`
--

INSERT INTO `mg02` (`id`, `mk01_id`, `mg01_id`, `nilgj`, `created_at`, `updated_at`) VALUES
(1, 2, 4, 10000, '2016-08-03 03:51:42', '2016-08-03 03:51:42'),
(2, 4, 4, 10000, '2016-08-03 03:54:35', '2016-08-03 03:54:35'),
(3, 2, 6, 10, '2016-08-04 01:00:46', '2016-08-04 01:00:46'),
(4, 2, 5, 1000, '2016-08-04 01:00:51', '2016-08-04 01:00:51'),
(5, 2, 7, 100, '2016-08-04 01:00:56', '2016-08-04 01:00:56'),
(6, 3, 4, 10000, '2016-08-04 01:01:57', '2016-08-04 01:01:57'),
(7, 3, 5, 1000, '2016-08-04 01:02:02', '2016-08-04 01:02:02'),
(8, 3, 6, 10, '2016-08-04 01:02:07', '2016-08-04 01:02:07'),
(9, 3, 7, 100, '2016-08-04 01:02:11', '2016-08-04 01:02:11'),
(10, 5, 4, 10000, '2016-08-04 01:04:15', '2016-08-04 01:04:15'),
(11, 5, 5, 1000, '2016-08-04 01:04:18', '2016-08-04 01:04:18'),
(12, 5, 6, 10, '2016-08-04 01:04:21', '2016-08-04 01:04:21'),
(13, 5, 7, 100, '2016-08-04 01:04:24', '2016-08-04 01:04:24'),
(14, 7, 4, 10000, '2016-08-04 01:05:56', '2016-08-04 01:05:56'),
(15, 7, 5, 1000, '2016-08-04 01:05:59', '2016-08-04 01:05:59'),
(16, 7, 6, 10, '2016-08-04 01:06:02', '2016-08-04 01:06:02'),
(17, 7, 7, 100, '2016-08-04 01:06:05', '2016-08-04 01:06:05'),
(18, 8, 4, 10000, '2016-08-04 01:06:42', '2016-08-04 01:06:42'),
(19, 8, 5, 1000, '2016-08-04 01:06:45', '2016-08-04 01:06:45'),
(20, 8, 6, 10, '2016-08-04 01:06:47', '2016-08-04 01:06:47'),
(21, 8, 7, 100, '2016-08-04 01:06:50', '2016-08-04 01:06:50'),
(22, 9, 4, 10000, '2016-08-04 01:07:30', '2016-08-04 01:07:30'),
(23, 9, 5, 1000, '2016-08-04 01:07:35', '2016-08-04 01:07:35'),
(24, 9, 6, 10, '2016-08-04 01:07:37', '2016-08-04 01:07:37'),
(25, 9, 7, 100, '2016-08-04 01:07:40', '2016-08-04 01:07:40'),
(26, 10, 4, 10000, '2016-08-04 01:09:04', '2016-08-04 01:09:04'),
(27, 10, 5, 1000, '2016-08-04 01:09:06', '2016-08-04 01:09:06'),
(29, 10, 6, 10, '2016-08-04 01:09:09', '2016-08-04 01:09:09'),
(31, 10, 7, 100, '2016-08-04 01:09:12', '2016-08-04 01:09:12'),
(32, 11, 4, 10000, '2016-08-04 01:10:09', '2016-08-04 01:10:09'),
(33, 11, 5, 1000, '2016-08-04 01:10:12', '2016-08-04 01:10:12'),
(34, 11, 6, 10, '2016-08-04 01:10:15', '2016-08-04 01:10:15'),
(35, 11, 7, 100, '2016-08-04 01:10:18', '2016-08-04 01:10:18'),
(36, 12, 4, 10000, '2016-08-04 01:11:13', '2016-08-04 01:11:13'),
(37, 12, 5, 1000, '2016-08-04 01:11:18', '2016-08-04 01:11:18'),
(38, 12, 6, 10, '2016-08-04 01:11:21', '2016-08-04 01:11:21'),
(39, 12, 7, 100, '2016-08-04 01:11:24', '2016-08-04 01:11:24'),
(40, 13, 4, 10000, '2016-08-04 01:11:59', '2016-08-04 01:11:59'),
(41, 13, 5, 1000, '2016-08-04 01:12:09', '2016-08-04 01:12:09'),
(42, 13, 6, 10, '2016-08-04 01:12:12', '2016-08-04 01:12:12'),
(43, 13, 7, 100, '2016-08-04 01:12:20', '2016-08-04 01:12:20'),
(44, 14, 4, 10000, '2016-08-04 01:12:48', '2016-08-04 01:12:48'),
(45, 14, 5, 1000, '2016-08-04 01:12:52', '2016-08-04 01:12:52'),
(46, 14, 6, 10, '2016-08-04 01:12:55', '2016-08-04 01:12:55'),
(47, 14, 7, 100, '2016-08-04 01:12:58', '2016-08-04 01:12:58'),
(49, 15, 4, 10000, '2016-08-04 01:15:07', '2016-08-04 01:15:07'),
(50, 15, 5, 1000, '2016-08-04 01:15:10', '2016-08-04 01:15:10'),
(51, 15, 6, 10, '2016-08-04 01:15:13', '2016-08-04 01:15:13'),
(53, 15, 7, 100, '2016-08-04 01:15:16', '2016-08-04 01:15:16'),
(54, 16, 4, 10000, '2016-08-04 01:16:28', '2016-08-04 01:16:28'),
(55, 16, 5, 1000, '2016-08-04 01:16:32', '2016-08-04 01:16:32'),
(56, 16, 6, 10, '2016-08-04 01:16:35', '2016-08-04 01:16:35'),
(57, 16, 7, 100, '2016-08-04 01:16:39', '2016-08-04 01:16:39'),
(58, 17, 4, 10000, '2016-08-04 01:17:38', '2016-08-04 01:17:38'),
(59, 17, 5, 1000, '2016-08-04 01:17:41', '2016-08-04 01:17:41'),
(60, 17, 6, 10, '2016-08-04 01:17:48', '2016-08-04 01:17:48'),
(61, 17, 7, 100, '2016-08-04 01:17:51', '2016-08-04 01:17:51'),
(62, 18, 4, 10000, '2016-08-04 01:18:45', '2016-08-04 01:18:45'),
(63, 18, 5, 1000, '2016-08-04 01:18:47', '2016-08-04 01:18:47'),
(64, 18, 6, 10, '2016-08-04 01:18:50', '2016-08-04 01:18:50'),
(65, 18, 7, 100, '2016-08-04 01:18:52', '2016-08-04 01:18:52'),
(66, 19, 4, 10000, '2016-08-04 01:19:24', '2016-08-04 01:19:24'),
(67, 19, 6, 10, '2016-08-04 01:19:31', '2016-08-04 01:19:31'),
(68, 19, 5, 1000, '2016-08-04 01:19:34', '2016-08-04 01:19:34'),
(69, 19, 7, 100, '2016-08-04 01:19:37', '2016-08-04 01:19:37'),
(70, 20, 4, 10000, '2016-08-04 01:20:08', '2016-08-04 01:20:08'),
(71, 20, 5, 1000, '2016-08-04 01:20:12', '2016-08-04 01:20:12'),
(72, 20, 6, 10, '2016-08-04 01:20:15', '2016-08-04 01:20:15'),
(73, 20, 7, 100, '2016-08-04 01:20:18', '2016-08-04 01:20:18'),
(74, 21, 4, 10000, '2016-08-04 01:20:54', '2016-08-04 01:20:54'),
(75, 21, 5, 1000, '2016-08-04 01:20:57', '2016-08-04 01:20:57'),
(76, 21, 6, 10, '2016-08-04 01:20:59', '2016-08-04 01:20:59'),
(77, 21, 7, 100, '2016-08-04 01:21:02', '2016-08-04 01:21:02'),
(78, 21, 7, 100, '2016-08-04 01:21:03', '2016-08-04 01:21:03'),
(79, 22, 4, 10000, '2016-08-04 01:21:23', '2016-08-04 01:21:23'),
(80, 22, 5, 1000, '2016-08-04 01:21:25', '2016-08-04 01:21:25'),
(81, 22, 6, 10, '2016-08-04 01:21:38', '2016-08-04 01:21:38'),
(82, 22, 7, 100, '2016-08-04 01:21:42', '2016-08-04 01:21:42');

-- --------------------------------------------------------

--
-- Table structure for table `migrations`
--

CREATE TABLE `migrations` (
  `migration` varchar(255) COLLATE utf8_unicode_ci NOT NULL,
  `batch` int(11) NOT NULL
) ENGINE=InnoDB DEFAULT CHARSET=utf8 COLLATE=utf8_unicode_ci;

--
-- Dumping data for table `migrations`
--

INSERT INTO `migrations` (`migration`, `batch`) VALUES
('2016_01_31_124137_mj01', 1),
('2016_01_31_124459_mj02', 1),
('2016_01_31_131837_mg01', 1),
('2016_01_31_132009_mz01', 1),
('2016_01_31_132757_ta01', 1),
('2016_01_31_134527_mk01', 1),
('2016_01_31_134552_mj03', 1),
('2016_01_31_134632_mg02', 1),
('2016_01_31_135747_ta02', 1),
('2016_01_31_135956_tg01', 1),
('2016_01_31_135957_tg02', 1),
('2016_01_31_135958_th01', 1),
('2016_01_31_140213_th02', 1),
('2016_01_31_140336_tt01', 1),
('2016_01_31_140439_tp01', 1),
('2016_03_27_131939_mk02', 1),
('2016_03_27_133216_tz01', 1),
('2016_04_06_155412_mm01', 1),
('2016_04_06_155444_mm02', 1),
('2016_04_27_153620_tt02', 2),
('2016_06_18_111027_ta03', 3),
('2016_07_23_144414_mk03', 4),
('2016_07_26_140350_ts01', 5);

-- --------------------------------------------------------

--
-- Table structure for table `mj01`
--

CREATE TABLE `mj01` (
  `idjb` int(10) UNSIGNED NOT NULL,
  `nama` varchar(255) COLLATE utf8_unicode_ci NOT NULL,
  `flgomzt` char(1) COLLATE utf8_unicode_ci NOT NULL,
  `status` char(1) COLLATE utf8_unicode_ci NOT NULL,
  `created_at` timestamp NOT NULL DEFAULT '0000-00-00 00:00:00',
  `updated_at` timestamp NOT NULL DEFAULT '0000-00-00 00:00:00'
) ENGINE=InnoDB DEFAULT CHARSET=utf8 COLLATE=utf8_unicode_ci;

--
-- Dumping data for table `mj01`
--

INSERT INTO `mj01` (`idjb`, `nama`, `flgomzt`, `status`, `created_at`, `updated_at`) VALUES
(1, 'Karyawan', 'N', 'Y', '2016-04-12 09:42:28', '2016-04-12 09:42:28'),
(2, 'kepala admin', 'Y', 'Y', '2016-05-24 21:27:19', '2016-05-24 21:27:19'),
(3, 'admin', 'N', 'Y', '2016-05-24 21:27:30', '2016-05-24 21:27:30'),
(4, 'CEO', 'N', 'Y', '2016-07-10 07:04:33', '2016-07-10 07:04:33');

-- --------------------------------------------------------

--
-- Table structure for table `mj02`
--

CREATE TABLE `mj02` (
  `idjk` int(10) UNSIGNED NOT NULL,
  `tipe` varchar(255) COLLATE utf8_unicode_ci NOT NULL COMMENT '1 = Jam Kerja, 2 = Jam Istirahat',
  `jmmsk` time NOT NULL,
  `jmklr` time NOT NULL,
  `status` char(1) COLLATE utf8_unicode_ci NOT NULL,
  `day` varchar(15) COLLATE utf8_unicode_ci NOT NULL DEFAULT 'mon-fri',
  `created_at` timestamp NOT NULL DEFAULT '0000-00-00 00:00:00',
  `updated_at` timestamp NOT NULL DEFAULT '0000-00-00 00:00:00'
) ENGINE=InnoDB DEFAULT CHARSET=utf8 COLLATE=utf8_unicode_ci;

--
-- Dumping data for table `mj02`
--

INSERT INTO `mj02` (`idjk`, `tipe`, `jmmsk`, `jmklr`, `status`, `day`, `created_at`, `updated_at`) VALUES
(1, '1', '08:00:00', '17:00:00', 'Y', 'mon-fri', '2016-04-12 09:43:14', '2016-07-30 09:35:28'),
(2, '2', '12:00:00', '13:00:00', 'Y', 'mon-fri', '2016-04-12 09:43:21', '2016-08-01 23:00:47'),
(3, '1', '10:00:00', '20:00:00', 'Y', 'mon-fri', '2016-06-06 01:58:19', '2016-07-31 06:04:30'),
(4, '1', '09:00:00', '18:00:00', 'N', 'mon-fri', '2016-06-11 06:13:20', '2016-07-31 06:03:20'),
(5, '1', '08:30:00', '17:30:00', 'N', 'mon-fri', '2016-06-11 06:13:41', '2016-07-31 06:03:10'),
(6, '2', '13:00:00', '14:00:00', 'N', 'mon-fri', '2016-06-11 07:53:21', '2016-07-31 06:03:05'),
(7, '1', '08:00:00', '18:00:00', 'Y', 'mon-fri', '2016-07-31 06:04:07', '2016-07-31 06:04:07'),
(8, '1', '09:00:00', '19:00:00', 'Y', 'mon-fri', '2016-07-31 06:05:06', '2016-07-31 06:05:06'),
(9, '2', '12:00:00', '17:00:00', 'Y', 'mon-fri', '2016-07-31 06:06:51', '2016-07-31 06:06:51'),
(10, '1', '08:00:00', '22:00:00', 'Y', 'mon-fri', '2016-07-31 06:28:52', '2016-07-31 06:29:13'),
(11, '1', '07:00:00', '17:00:00', 'Y', 'mon-fri', '2016-07-31 06:53:58', '2016-07-31 06:53:58'),
(12, '1', '08:00:00', '17:00:00', 'Y', 'sat', '2016-08-01 21:53:28', '2016-08-01 23:13:48'),
(13, '1', '08:00:00', '17:00:00', 'Y', 'all', '2016-08-01 22:55:22', '2016-08-01 22:55:22'),
(14, '2', '12:00:00', '13:00:00', 'Y', 'all', '2016-08-01 22:55:44', '2016-08-01 22:57:49'),
(15, '2', '12:00:00', '17:00:00', 'Y', 'all', '2016-08-02 00:47:08', '2016-08-02 00:49:27');

-- --------------------------------------------------------

--
-- Table structure for table `mj03`
--

CREATE TABLE `mj03` (
  `id` int(10) UNSIGNED NOT NULL,
  `mj02_id` int(10) UNSIGNED NOT NULL,
  `mk01_id` int(10) UNSIGNED NOT NULL,
  `alt` int(11) NOT NULL,
  `selected` char(1) COLLATE utf8_unicode_ci NOT NULL,
  `created_at` timestamp NOT NULL DEFAULT '0000-00-00 00:00:00',
  `updated_at` timestamp NOT NULL DEFAULT '0000-00-00 00:00:00'
) ENGINE=InnoDB DEFAULT CHARSET=utf8 COLLATE=utf8_unicode_ci;

--
-- Dumping data for table `mj03`
--

INSERT INTO `mj03` (`id`, `mj02_id`, `mk01_id`, `alt`, `selected`, `created_at`, `updated_at`) VALUES
(1, 1, 1, 1, 'N', '0000-00-00 00:00:00', '2016-07-25 06:32:50'),
(2, 4, 1, 2, 'N', '0000-00-00 00:00:00', '2016-07-25 06:32:07'),
(3, 3, 1, 1, 'N', '2016-06-10 17:00:00', '2016-07-25 06:32:50'),
(4, 6, 1, 1, 'Y', '2016-06-10 17:00:00', '2016-06-11 07:53:32'),
(5, 10, 2, 1, 'N', '2016-08-03 03:51:29', '2016-08-03 03:51:29'),
(6, 1, 4, 1, 'N', '2016-08-03 03:54:14', '2016-08-03 03:54:14'),
(7, 2, 4, 1, 'N', '2016-08-03 03:54:26', '2016-08-03 03:54:26'),
(8, 10, 3, 1, 'N', '2016-08-04 01:02:17', '2016-08-04 01:02:17'),
(9, 13, 5, 1, 'N', '2016-08-04 01:04:52', '2016-08-04 01:04:52'),
(10, 11, 6, 1, 'N', '2016-08-04 01:05:23', '2016-08-04 01:05:23'),
(11, 12, 6, 1, 'N', '2016-08-04 01:05:36', '2016-08-04 01:05:36'),
(12, 13, 7, 1, 'N', '2016-08-04 01:06:21', '2016-08-04 01:06:21'),
(13, 13, 8, 1, 'N', '2016-08-04 01:06:58', '2016-08-04 01:06:58'),
(14, 13, 9, 1, 'N', '2016-08-04 01:07:46', '2016-08-04 01:07:46'),
(15, 7, 10, 1, 'N', '2016-08-04 01:08:12', '2016-08-04 01:08:12'),
(16, 12, 10, 1, 'N', '2016-08-04 01:08:18', '2016-08-04 01:08:18'),
(17, 3, 11, 1, 'N', '2016-08-04 01:10:35', '2016-08-04 01:10:35'),
(18, 12, 11, 1, 'N', '2016-08-04 01:10:41', '2016-08-04 01:10:41'),
(19, 13, 12, 1, 'N', '2016-08-04 01:11:09', '2016-08-04 01:11:09'),
(20, 13, 13, 1, 'N', '2016-08-04 01:11:51', '2016-08-04 01:11:51'),
(21, 7, 14, 1, 'N', '2016-08-04 01:13:07', '2016-08-04 01:13:07'),
(22, 12, 14, 1, 'N', '2016-08-04 01:13:15', '2016-08-04 01:13:15'),
(23, 7, 15, 1, 'N', '2016-08-04 01:13:57', '2016-08-04 01:13:57'),
(24, 3, 15, 1, 'N', '2016-08-04 01:14:08', '2016-08-04 01:14:08'),
(25, 8, 15, 1, 'N', '2016-08-04 01:14:16', '2016-08-04 01:14:16'),
(26, 12, 15, 1, 'N', '2016-08-04 01:14:43', '2016-08-04 01:14:43'),
(27, 7, 16, 1, 'N', '2016-08-04 01:15:59', '2016-08-04 01:15:59'),
(28, 3, 16, 1, 'N', '2016-08-04 01:16:07', '2016-08-04 01:16:07'),
(29, 8, 16, 1, 'N', '2016-08-04 01:16:12', '2016-08-04 01:16:12'),
(30, 12, 16, 1, 'N', '2016-08-04 01:16:18', '2016-08-04 01:16:18'),
(31, 7, 17, 1, 'N', '2016-08-04 01:17:08', '2016-08-04 01:17:08'),
(32, 3, 17, 1, 'N', '2016-08-04 01:17:18', '2016-08-04 01:17:18'),
(33, 8, 17, 1, 'N', '2016-08-04 01:17:23', '2016-08-04 01:17:23'),
(34, 12, 17, 1, 'N', '2016-08-04 01:17:35', '2016-08-04 01:17:35'),
(35, 7, 18, 1, 'N', '2016-08-04 01:18:21', '2016-08-04 01:18:21'),
(36, 3, 18, 1, 'N', '2016-08-04 01:18:29', '2016-08-04 01:18:29'),
(37, 8, 18, 1, 'N', '2016-08-04 01:18:35', '2016-08-04 01:18:35'),
(38, 12, 18, 1, 'N', '2016-08-04 01:18:42', '2016-08-04 01:18:42'),
(39, 13, 19, 1, 'N', '2016-08-04 01:19:20', '2016-08-04 01:19:20'),
(40, 13, 20, 1, 'N', '2016-08-04 01:20:05', '2016-08-04 01:20:05'),
(42, 13, 21, 1, 'N', '2016-08-04 01:20:49', '2016-08-04 01:20:49'),
(43, 13, 22, 1, 'N', '2016-08-04 01:21:20', '2016-08-04 01:21:20'),
(44, 14, 6, 1, 'N', '2016-08-04 02:33:59', '2016-08-04 02:33:59');

-- --------------------------------------------------------

--
-- Table structure for table `mk01`
--

CREATE TABLE `mk01` (
  `idkar` int(10) UNSIGNED NOT NULL,
  `nama` varchar(255) COLLATE utf8_unicode_ci NOT NULL,
  `usernm` varchar(255) COLLATE utf8_unicode_ci NOT NULL,
  `email` varchar(255) COLLATE utf8_unicode_ci NOT NULL,
  `passwd` varchar(255) COLLATE utf8_unicode_ci NOT NULL,
  `gndr` char(1) COLLATE utf8_unicode_ci NOT NULL,
  `norek1` char(25) COLLATE utf8_unicode_ci NOT NULL,
  `norek2` char(25) COLLATE utf8_unicode_ci NOT NULL,
  `tglaktif` date NOT NULL,
  `ttl` date NOT NULL,
  `addr1` text COLLATE utf8_unicode_ci NOT NULL,
  `notelp` text COLLATE utf8_unicode_ci NOT NULL,
  `status` char(1) COLLATE utf8_unicode_ci NOT NULL,
  `pic` text COLLATE utf8_unicode_ci NOT NULL,
  `tbsld` bigint(20) NOT NULL,
  `htsld` bigint(20) NOT NULL,
  `tglgj` date NOT NULL,
  `flgref` char(3) COLLATE utf8_unicode_ci NOT NULL,
  `kmindv` float(8,2) NOT NULL,
  `kmtim` float(8,2) NOT NULL,
  `jnsusr` int(11) NOT NULL DEFAULT '1',
  `idjb` int(10) UNSIGNED NOT NULL,
  `created_at` timestamp NOT NULL DEFAULT '0000-00-00 00:00:00',
  `updated_at` timestamp NOT NULL DEFAULT '0000-00-00 00:00:00'
) ENGINE=InnoDB DEFAULT CHARSET=utf8 COLLATE=utf8_unicode_ci;

--
-- Dumping data for table `mk01`
--

INSERT INTO `mk01` (`idkar`, `nama`, `usernm`, `email`, `passwd`, `gndr`, `norek1`, `norek2`, `tglaktif`, `ttl`, `addr1`, `notelp`, `status`, `pic`, `tbsld`, `htsld`, `tglgj`, `flgref`, `kmindv`, `kmtim`, `jnsusr`, `idjb`, `created_at`, `updated_at`) VALUES
(1, 'Iwan', 'superadmin', 'admin@gmail.com', 'superadmin', 'L', '1568621035465', '1568621035465', '2016-04-12', '1988-04-12', 'Culabaya', '0315689423', 'Y', '25279_eve_01.png', 0, 0, '2016-06-12', '', 1.00, 1.00, 0, 4, '2016-04-12 09:43:59', '2016-06-16 04:39:17'),
(2, 'TUTIK RAHAYU', '01050701', 'A@A.COM', '01050701', 'L', '1420014399389', '4433006511', '2005-07-01', '1985-08-11', 'NO FIELD', '000000', 'Y', '82452_tutik.JPG', 0, 0, '2016-07-31', '', 1.00, 0.00, 2, 2, '2016-07-30 23:28:13', '2016-08-02 19:16:51'),
(3, 'DANIEL KURNIAWAN', '02080201', 'A@A.COM', '02080201', 'L', '1420014399355', '4433006527', '2016-07-31', '1982-02-22', 'NO FIELD', '000000', 'Y', '57839_daniel.JPG', 0, 0, '2016-07-31', '', 1.00, 0.00, 2, 2, '2016-07-30 23:39:26', '2016-08-04 00:46:55'),
(4, 'MUSLIH', '03100601', 'A@A.COM', '03100601', 'L', '1420014400526', '4003058529', '2010-06-01', '1981-04-15', 'NO FIELD', '000000', 'Y', '84465_muslih.jpg', 0, 0, '2016-07-31', '', 0.00, 0.00, 2, 1, '2016-07-30 23:44:23', '2016-08-02 19:17:22'),
(5, 'ACHMAD FAISAL', '04110501', 'A@A.COM', '04110501', 'L', '1440015362053', '4433006718', '2011-05-01', '1993-07-16', 'NO FIELD', '000000', 'Y', '94377_faisal.JPG', 0, 0, '2016-07-31', '', 1.00, 0.00, 2, 1, '2016-07-30 23:49:28', '2016-08-02 19:17:35'),
(6, 'IISROH', '05111128', 'A@A.COM', '05111128', 'L', '1420014400880', '4433006977', '2011-11-28', '1974-03-01', 'NO FIELD', '000000', 'Y', '25924_issroh.JPG', 0, 0, '2016-07-31', '', 0.00, 0.00, 2, 1, '2016-07-30 23:53:27', '2016-08-02 19:17:49'),
(7, 'ROBIYAN ARBIYANTO', '06121003', 'A@A.COM', '06121003', 'L', '1420014400591', '4433008534', '2012-10-03', '1989-04-22', 'NO FIELD', '000000', 'Y', '76700_robi.jpg', 0, 0, '2016-07-31', '', 0.00, 0.00, 2, 1, '2016-07-30 23:57:32', '2016-08-02 19:18:17'),
(8, 'UJI ASIAH', '07130401', 'a@a.com', '07130401', 'L', '1420014400856', '4433008984', '2013-04-01', '1979-12-07', 'NO FIELD', '0000000', 'Y', '83759_uji.JPG', 0, 0, '2016-08-01', '', 0.00, 0.00, 2, 1, '2016-07-31 12:37:08', '2016-08-02 19:18:34'),
(9, 'WANTO', '08131125', 'a@a.com', '08131125', 'L', '1420014400237', '4433009365', '2013-11-25', '1980-04-16', 'no filed', '0000000', 'Y', '80515_wanto.jpg', 0, 0, '2016-08-02', '', 0.00, 0.00, 2, 1, '2016-08-01 16:07:02', '2016-08-02 19:18:48'),
(10, 'YUDHI HARI WIBOWO', '09131201', 'a@a.com', '09131201', 'L', '1420014400187', '4433009344', '2013-12-01', '1976-11-22', 'no field', '0000000', 'Y', '88560_yudhi.JPG', 0, 0, '2016-08-02', '', 0.00, 0.00, 2, 1, '2016-08-01 16:10:40', '2016-08-02 19:19:01'),
(11, 'NANANG HARI HARTONO', '10140101', 'a@a.com', '10140101', 'L', '1420014400799', '4433008028', '2014-01-01', '1971-03-20', 'no field', '0000000', 'Y', '46900_nanang.JPG', 0, 0, '2016-08-02', '', 0.00, 0.00, 2, 1, '2016-08-01 17:34:39', '2016-08-02 19:19:14'),
(12, 'EXAN PRADHITYA', '11140202', 'a@a.com', '11140202', 'L', '1420014399314', '4433011862', '2016-08-02', '1991-03-29', 'nno field', '0000000', 'Y', '84756_exan.JPG', 0, 0, '2016-08-02', '', 0.00, 0.00, 2, 1, '2016-08-01 17:37:57', '2016-08-02 19:19:35'),
(13, 'CHOIRUR ROHMAH', '12140811', 'a@a.com', '12140811', 'L', '1420014400302', '4433010495', '2014-08-11', '1991-05-27', 'no field', '0000000', 'Y', '52593_rohmah.JPG', 0, 0, '2016-08-02', '', 0.00, 0.00, 2, 1, '2016-08-01 17:40:35', '2016-08-02 19:20:02'),
(14, 'WAWAN WIDODO', '13140830', 'a@a.com', '13140830', 'L', '1420014400179', '4433011913', '2014-08-30', '1982-08-26', 'no field', '0000000', 'Y', '11823_wawan.JPG', 0, 0, '2016-08-02', '', 0.00, 0.00, 2, 1, '2016-08-01 17:43:12', '2016-08-02 19:20:23'),
(15, 'TAUFIQURAHMAN', '14141103', 'a@a.com', '14141103', 'L', '1420014399306', '4433011165', '2014-11-03', '1993-04-30', 'no field', '0000000', 'Y', '18179_taufiq.JPG', 0, 0, '2016-08-02', '', 0.00, 0.00, 2, 1, '2016-08-01 17:45:58', '2016-08-02 19:20:43'),
(16, 'MOCH LUTFI', '15141125', 'a@a.com', '15141125', 'L', '1420014400393', '4433008669', '2014-11-25', '1986-09-07', 'no field', '0000000', 'Y', '80241_lutfi.jpg', 0, 0, '2016-08-02', '', 0.00, 0.00, 2, 1, '2016-08-01 17:51:59', '2016-08-02 19:21:00'),
(17, 'SUSILO YULIANTO', '16141205', 'a@a.com', '16141205', 'L', '1420014399769', '4433009561', '2014-09-05', '1975-07-14', 'no field', '0000000', 'Y', '28943_yulianto.JPG', 0, 0, '2016-08-02', '', 0.00, 0.00, 2, 1, '2016-08-01 17:56:13', '2016-08-02 19:21:26'),
(18, 'SANDI NANDA MULYA', '17141206', 'a@a.com', '17141206', 'L', '1420014400757', '4433008462', '2014-12-06', '1985-06-27', 'no field', '0000000', 'Y', '64247_sandi.JPG', 0, 0, '2016-08-02', '', 0.00, 0.00, 2, 1, '2016-08-01 17:59:30', '2016-08-02 19:21:43'),
(19, 'YUSTIAN WIBISONO', '18150406', 'a@a.com', '18150406', 'L', '1420014400344', '4433010721', '2016-08-02', '1978-02-08', 'no field', '0000000', 'Y', '14306_yustian.JPG', 0, 0, '2016-08-02', '', 0.00, 0.00, 2, 1, '2016-08-01 18:01:46', '2016-08-02 19:22:16'),
(20, 'UJANG RUSWANA', '19150601', 'a@a.com', '19150601', 'L', '1420014400765', '4433010949', '2015-06-01', '1977-12-12', 'no field', '0000000', 'Y', '89549_ujang.JPG', 0, 0, '2016-08-02', '', 0.00, 0.00, 2, 1, '2016-08-01 18:04:05', '2016-08-02 19:21:58'),
(21, 'SLAMET WIBOWO', '20160122', 'a@a.com', '20160122', 'L', '1420014614399', '00000', '2016-01-22', '1988-08-02', 'no field', '0000000', 'Y', '', 0, 0, '2016-08-02', '', 0.00, 0.00, 2, 1, '2016-08-01 18:06:27', '2016-08-01 18:06:27'),
(22, 'SUYANTO', 'mykaryawan', 'a@a.com', 'mykaryawan', 'L', '000000', '00000', '2016-08-02', '1988-08-02', 'no field', '0000000', 'Y', '', 0, 0, '2016-08-02', '', 0.00, 0.00, 2, 1, '2016-08-01 18:07:47', '2016-08-01 18:07:47');

-- --------------------------------------------------------

--
-- Table structure for table `mk02`
--

CREATE TABLE `mk02` (
  `id` int(10) UNSIGNED NOT NULL,
  `mk01_id_parent` int(10) UNSIGNED NOT NULL,
  `mk01_id_child` int(10) UNSIGNED NOT NULL,
  `flglead` char(3) COLLATE utf8_unicode_ci NOT NULL,
  `created_at` timestamp NOT NULL DEFAULT '0000-00-00 00:00:00',
  `updated_at` timestamp NOT NULL DEFAULT '0000-00-00 00:00:00'
) ENGINE=InnoDB DEFAULT CHARSET=utf8 COLLATE=utf8_unicode_ci;

-- --------------------------------------------------------

--
-- Table structure for table `mk03`
--

CREATE TABLE `mk03` (
  `id` int(10) UNSIGNED NOT NULL,
  `nama` varchar(255) COLLATE utf8_unicode_ci NOT NULL,
  `ket` varchar(255) COLLATE utf8_unicode_ci NOT NULL,
  `nilket` float(8,2) NOT NULL,
  `created_at` timestamp NOT NULL DEFAULT '0000-00-00 00:00:00',
  `updated_at` timestamp NOT NULL DEFAULT '0000-00-00 00:00:00'
) ENGINE=InnoDB DEFAULT CHARSET=utf8 COLLATE=utf8_unicode_ci;

--
-- Dumping data for table `mk03`
--

INSERT INTO `mk03` (`id`, `nama`, `ket`, `nilket`, `created_at`, `updated_at`) VALUES
(1, 'prsbns', 'Persen Bonus Gaji Karyawan', 20.00, '0000-00-00 00:00:00', '2016-07-23 08:35:16');

-- --------------------------------------------------------

--
-- Table structure for table `mm01`
--

CREATE TABLE `mm01` (
  `idmnu` int(10) UNSIGNED NOT NULL,
  `nama` varchar(255) COLLATE utf8_unicode_ci NOT NULL,
  `url` text COLLATE utf8_unicode_ci NOT NULL,
  `created_at` timestamp NOT NULL DEFAULT '0000-00-00 00:00:00',
  `updated_at` timestamp NOT NULL DEFAULT '0000-00-00 00:00:00'
) ENGINE=InnoDB DEFAULT CHARSET=utf8 COLLATE=utf8_unicode_ci;

--
-- Dumping data for table `mm01`
--

INSERT INTO `mm01` (`idmnu`, `nama`, `url`, `created_at`, `updated_at`) VALUES
(1, 'Master Jam Kerja', 'master/jamkerja', '0000-00-00 00:00:00', '0000-00-00 00:00:00'),
(2, 'Master Jabatan', 'master/jabatan', '0000-00-00 00:00:00', '0000-00-00 00:00:00'),
(3, 'Master Jenis Gaji', 'master/jenisgaji', '0000-00-00 00:00:00', '0000-00-00 00:00:00'),
(4, 'Master Karyawan', 'master/karyawan', '0000-00-00 00:00:00', '0000-00-00 00:00:00'),
(5, 'Input Hutang', 'inputdata/hutang', '0000-00-00 00:00:00', '0000-00-00 00:00:00'),
(6, 'Input Tabungan', 'inputdata/tabungan', '0000-00-00 00:00:00', '0000-00-00 00:00:00'),
(7, 'Input Slip Gaji', 'inputdata/gaji', '0000-00-00 00:00:00', '0000-00-00 00:00:00'),
(8, 'Input Transfer Gaji', 'inputdata/transfer', '0000-00-00 00:00:00', '0000-00-00 00:00:00'),
(9, 'Input Omzet', 'inputdata/omzet', '0000-00-00 00:00:00', '0000-00-00 00:00:00'),
(10, 'Daftar Masuk Karyawan', 'daftarmasuk', '0000-00-00 00:00:00', '0000-00-00 00:00:00'),
(11, 'Daftar Pulang Karyawan', 'daftarpulang', '0000-00-00 00:00:00', '0000-00-00 00:00:00'),
(12, 'Daftar Lembur Karyawan', 'daftarlembur', '0000-00-00 00:00:00', '0000-00-00 00:00:00'),
(13, 'My Indografika', 'myindografika', '0000-00-00 00:00:00', '0000-00-00 00:00:00'),
(14, 'Fitur Pembayaran Gaji', 'myindografika/gajikaryawan', '0000-00-00 00:00:00', '0000-00-00 00:00:00'),
(15, 'Fitur Tabungan Karyawan', 'myindografika/tabungankaryawan', '0000-00-00 00:00:00', '0000-00-00 00:00:00'),
(16, 'Fitur Pinjaman Karyawan', 'myindografika/pinjamankaryawan', '0000-00-00 00:00:00', '0000-00-00 00:00:00'),
(17, 'Fitur Omzet Karyawan', 'myindografika/omzetkaryawan', '0000-00-00 00:00:00', '0000-00-00 00:00:00'),
(18, 'Fitur Presensi Karyawan', 'myindografika/presensikaryawan', '0000-00-00 00:00:00', '0000-00-00 00:00:00'),
(19, 'Admin Laporan Pembayaran Gaji', 'admin/allgajikaryawan', '0000-00-00 00:00:00', '0000-00-00 00:00:00'),
(20, 'Admin Laporan Tabungan Karyawan', 'admin/alltabungankaryawan', '0000-00-00 00:00:00', '0000-00-00 00:00:00'),
(21, 'Admin Laporan Pinjaman Karyawan', 'admin/allpinjamankaryawan', '0000-00-00 00:00:00', '0000-00-00 00:00:00'),
(22, 'Admin Laporan Omzet Karyawan', 'admin/allomzetkaryawan', '0000-00-00 00:00:00', '0000-00-00 00:00:00'),
(23, 'Admin Laporan Presensi Karyawan', 'admin/allpresensikaryawan', '0000-00-00 00:00:00', '0000-00-00 00:00:00'),
(24, 'Input Absensi', 'inputdata/absensi', '0000-00-00 00:00:00', '0000-00-00 00:00:00'),
(25, 'Input Alpha / Cuti Karyawan', 'inputdata/alpha', '0000-00-00 00:00:00', '0000-00-00 00:00:00'),
(26, 'Laporan Admin Bulanan Karyawan', 'admin/adminlaporankaryawan', '0000-00-00 00:00:00', '0000-00-00 00:00:00'),
(27, 'Ubah Persen Bonus', 'admin/persenbonus', '0000-00-00 00:00:00', '0000-00-00 00:00:00'),
(28, 'Laporan Bulanan Karyawan', 'admin/adminlaporankaryawan', '2016-07-24 17:00:00', '2016-07-24 17:00:00'),
(29, 'Input Saldo Tabungan', 'inputdata/saldotabungan', '2016-07-24 17:00:00', '2016-07-24 17:00:00');

-- --------------------------------------------------------

--
-- Table structure for table `mm02`
--

CREATE TABLE `mm02` (
  `id` int(10) UNSIGNED NOT NULL,
  `mk01_id` int(10) UNSIGNED NOT NULL,
  `mm01_id` int(10) UNSIGNED NOT NULL,
  `created_at` timestamp NOT NULL DEFAULT '0000-00-00 00:00:00',
  `updated_at` timestamp NOT NULL DEFAULT '0000-00-00 00:00:00'
) ENGINE=InnoDB DEFAULT CHARSET=utf8 COLLATE=utf8_unicode_ci;

--
-- Dumping data for table `mm02`
--

INSERT INTO `mm02` (`id`, `mk01_id`, `mm01_id`, `created_at`, `updated_at`) VALUES
(419, 1, 1, '0000-00-00 00:00:00', '0000-00-00 00:00:00'),
(420, 1, 2, '0000-00-00 00:00:00', '0000-00-00 00:00:00'),
(421, 1, 3, '0000-00-00 00:00:00', '0000-00-00 00:00:00'),
(422, 1, 4, '0000-00-00 00:00:00', '0000-00-00 00:00:00'),
(423, 1, 5, '0000-00-00 00:00:00', '0000-00-00 00:00:00'),
(424, 1, 6, '0000-00-00 00:00:00', '0000-00-00 00:00:00'),
(425, 1, 7, '0000-00-00 00:00:00', '0000-00-00 00:00:00'),
(426, 1, 8, '0000-00-00 00:00:00', '0000-00-00 00:00:00'),
(427, 1, 9, '0000-00-00 00:00:00', '0000-00-00 00:00:00'),
(428, 1, 10, '0000-00-00 00:00:00', '0000-00-00 00:00:00'),
(429, 1, 11, '0000-00-00 00:00:00', '0000-00-00 00:00:00'),
(430, 1, 12, '0000-00-00 00:00:00', '0000-00-00 00:00:00'),
(431, 1, 19, '0000-00-00 00:00:00', '0000-00-00 00:00:00'),
(432, 1, 20, '0000-00-00 00:00:00', '0000-00-00 00:00:00'),
(433, 1, 21, '0000-00-00 00:00:00', '0000-00-00 00:00:00'),
(434, 1, 22, '0000-00-00 00:00:00', '0000-00-00 00:00:00'),
(435, 1, 23, '0000-00-00 00:00:00', '0000-00-00 00:00:00'),
(436, 1, 24, '0000-00-00 00:00:00', '0000-00-00 00:00:00'),
(437, 1, 25, '0000-00-00 00:00:00', '0000-00-00 00:00:00'),
(438, 1, 26, '0000-00-00 00:00:00', '0000-00-00 00:00:00'),
(439, 1, 27, '0000-00-00 00:00:00', '0000-00-00 00:00:00'),
(440, 1, 29, '0000-00-00 00:00:00', '0000-00-00 00:00:00'),
(441, 3, 5, '0000-00-00 00:00:00', '0000-00-00 00:00:00'),
(442, 3, 8, '0000-00-00 00:00:00', '0000-00-00 00:00:00'),
(443, 3, 13, '0000-00-00 00:00:00', '0000-00-00 00:00:00'),
(444, 3, 14, '0000-00-00 00:00:00', '0000-00-00 00:00:00'),
(445, 3, 15, '0000-00-00 00:00:00', '0000-00-00 00:00:00'),
(446, 3, 16, '0000-00-00 00:00:00', '0000-00-00 00:00:00'),
(447, 3, 17, '0000-00-00 00:00:00', '0000-00-00 00:00:00'),
(448, 3, 18, '0000-00-00 00:00:00', '0000-00-00 00:00:00'),
(449, 3, 19, '0000-00-00 00:00:00', '0000-00-00 00:00:00'),
(450, 3, 22, '0000-00-00 00:00:00', '0000-00-00 00:00:00'),
(451, 3, 25, '0000-00-00 00:00:00', '0000-00-00 00:00:00');

-- --------------------------------------------------------

--
-- Table structure for table `mz01`
--

CREATE TABLE `mz01` (
  `idomzt` int(10) UNSIGNED NOT NULL,
  `jenomzt` varchar(255) COLLATE utf8_unicode_ci NOT NULL,
  `nilomzt` bigint(20) NOT NULL,
  `created_at` timestamp NOT NULL DEFAULT '0000-00-00 00:00:00',
  `updated_at` timestamp NOT NULL DEFAULT '0000-00-00 00:00:00'
) ENGINE=InnoDB DEFAULT CHARSET=utf8 COLLATE=utf8_unicode_ci;

-- --------------------------------------------------------

--
-- Table structure for table `ta01`
--

CREATE TABLE `ta01` (
  `idabs` int(10) UNSIGNED NOT NULL,
  `tglabs` datetime NOT NULL,
  `tipe` varchar(255) COLLATE utf8_unicode_ci NOT NULL,
  `idjk` int(10) UNSIGNED NOT NULL,
  `created_at` timestamp NOT NULL DEFAULT '0000-00-00 00:00:00',
  `updated_at` timestamp NOT NULL DEFAULT '0000-00-00 00:00:00'
) ENGINE=InnoDB DEFAULT CHARSET=utf8 COLLATE=utf8_unicode_ci;

--
-- Dumping data for table `ta01`
--

INSERT INTO `ta01` (`idabs`, `tglabs`, `tipe`, `idjk`, `created_at`, `updated_at`) VALUES
(18, '2016-08-03 00:00:00', '1', 13, '2016-08-03 10:20:40', '2016-08-03 10:20:40'),
(19, '2016-08-03 00:00:00', '1', 1, '2016-08-03 10:55:18', '2016-08-03 10:55:18'),
(20, '2016-08-04 00:00:00', '1', 10, '2016-08-04 07:40:09', '2016-08-04 07:40:09'),
(21, '2016-08-04 00:00:00', '1', 1, '2016-08-04 07:49:05', '2016-08-04 07:49:05'),
(22, '2016-08-04 00:00:00', '1', 13, '2016-08-04 08:29:44', '2016-08-04 08:29:44'),
(23, '2016-08-05 00:00:00', '1', 13, '2016-08-05 07:40:07', '2016-08-05 07:40:07'),
(24, '2016-08-06 00:00:00', '1', 13, '2016-08-05 23:08:38', '2016-08-05 23:08:38');

-- --------------------------------------------------------

--
-- Table structure for table `ta02`
--

CREATE TABLE `ta02` (
  `id` int(10) UNSIGNED NOT NULL,
  `ta01_id` int(10) UNSIGNED NOT NULL,
  `mk01_id` int(10) UNSIGNED NOT NULL,
  `tglmsk` datetime NOT NULL,
  `abscd` tinyint(4) NOT NULL,
  `created_at` timestamp NOT NULL DEFAULT '0000-00-00 00:00:00',
  `updated_at` timestamp NOT NULL DEFAULT '0000-00-00 00:00:00'
) ENGINE=InnoDB DEFAULT CHARSET=utf8 COLLATE=utf8_unicode_ci;

--
-- Dumping data for table `ta02`
--

INSERT INTO `ta02` (`id`, `ta01_id`, `mk01_id`, `tglmsk`, `abscd`, `created_at`, `updated_at`) VALUES
(9, 19, 4, '2016-08-03 17:55:35', 0, '2016-08-03 10:55:18', '2016-08-03 10:55:18'),
(10, 19, 4, '2016-08-03 19:22:49', 1, '2016-08-03 12:21:49', '2016-08-03 12:21:49'),
(11, 19, 4, '2016-08-03 19:23:47', 5, '2016-08-03 12:22:47', '2016-08-03 12:22:47'),
(12, 19, 4, '2016-08-03 19:24:09', 4, '2016-08-03 12:23:09', '2016-08-03 12:23:09'),
(13, 20, 2, '2016-08-04 14:41:09', 0, '2016-08-04 07:40:09', '2016-08-04 07:40:09'),
(14, 20, 2, '2016-08-04 14:41:49', 2, '2016-08-04 07:40:50', '2016-08-04 07:40:50'),
(15, 20, 2, '2016-08-04 14:42:04', 3, '2016-08-04 07:41:05', '2016-08-04 07:41:05'),
(16, 20, 2, '2016-08-04 14:42:15', 1, '2016-08-04 07:41:16', '2016-08-04 07:41:16'),
(17, 20, 2, '2016-08-04 14:42:24', 4, '2016-08-04 07:41:25', '2016-08-04 07:41:25'),
(18, 20, 2, '2016-08-04 14:42:34', 5, '2016-08-04 07:41:35', '2016-08-04 07:41:35'),
(19, 21, 4, '2016-08-04 14:50:05', 0, '2016-08-04 07:49:05', '2016-08-04 07:49:05'),
(20, 21, 4, '2016-08-04 14:50:19', 2, '2016-08-04 07:49:20', '2016-08-04 07:49:20'),
(21, 21, 4, '2016-08-04 14:50:34', 3, '2016-08-04 07:49:35', '2016-08-04 07:49:35'),
(22, 21, 4, '2016-08-04 14:50:46', 1, '2016-08-04 07:49:47', '2016-08-04 07:49:47'),
(23, 21, 4, '2016-08-04 14:50:55', 4, '2016-08-04 07:49:55', '2016-08-04 07:49:55'),
(24, 21, 4, '2016-08-04 14:51:04', 5, '2016-08-04 07:50:05', '2016-08-04 07:50:05'),
(25, 22, 3, '2016-08-04 15:30:44', 0, '2016-08-04 08:29:44', '2016-08-04 08:29:44'),
(26, 22, 3, '2016-08-04 15:31:01', 2, '2016-08-04 08:30:02', '2016-08-04 08:30:02'),
(27, 22, 5, '2016-08-04 15:31:29', 0, '2016-08-04 08:30:29', '2016-08-04 08:30:29'),
(28, 22, 5, '2016-08-04 15:31:44', 2, '2016-08-04 08:30:44', '2016-08-04 08:30:44'),
(29, 22, 6, '2016-08-04 15:32:09', 0, '2016-08-04 08:31:10', '2016-08-04 08:31:10'),
(30, 22, 6, '2016-08-04 15:32:21', 2, '2016-08-04 08:31:22', '2016-08-04 08:31:22'),
(31, 22, 7, '2016-08-04 15:32:42', 0, '2016-08-04 08:31:42', '2016-08-04 08:31:42'),
(32, 22, 7, '2016-08-04 15:32:58', 2, '2016-08-04 08:31:59', '2016-08-04 08:31:59'),
(33, 22, 8, '2016-08-04 15:33:29', 0, '2016-08-04 08:32:30', '2016-08-04 08:32:30'),
(34, 22, 8, '2016-08-04 15:33:39', 2, '2016-08-04 08:32:40', '2016-08-04 08:32:40'),
(35, 22, 9, '2016-08-04 15:33:55', 0, '2016-08-04 08:32:55', '2016-08-04 08:32:55'),
(36, 22, 9, '2016-08-04 15:34:05', 2, '2016-08-04 08:33:05', '2016-08-04 08:33:05'),
(37, 22, 10, '2016-08-04 15:34:22', 0, '2016-08-04 08:33:22', '2016-08-04 08:33:22'),
(38, 22, 10, '2016-08-04 15:34:38', 2, '2016-08-04 08:33:39', '2016-08-04 08:33:39'),
(39, 22, 11, '2016-08-04 15:35:00', 0, '2016-08-04 08:34:01', '2016-08-04 08:34:01'),
(40, 22, 11, '2016-08-04 15:35:13', 2, '2016-08-04 08:34:14', '2016-08-04 08:34:14'),
(41, 22, 12, '2016-08-04 15:35:30', 0, '2016-08-04 08:34:30', '2016-08-04 08:34:30'),
(42, 22, 12, '2016-08-04 15:35:46', 2, '2016-08-04 08:34:46', '2016-08-04 08:34:46'),
(43, 22, 13, '2016-08-04 15:36:07', 0, '2016-08-04 08:35:07', '2016-08-04 08:35:07'),
(44, 22, 13, '2016-08-04 15:36:21', 2, '2016-08-04 08:35:21', '2016-08-04 08:35:21'),
(45, 22, 14, '2016-08-04 15:36:42', 0, '2016-08-04 08:35:42', '2016-08-04 08:35:42'),
(46, 22, 14, '2016-08-04 15:36:54', 2, '2016-08-04 08:35:54', '2016-08-04 08:35:54'),
(47, 22, 15, '2016-08-04 15:37:11', 0, '2016-08-04 08:36:11', '2016-08-04 08:36:11'),
(48, 22, 15, '2016-08-04 15:37:29', 2, '2016-08-04 08:36:29', '2016-08-04 08:36:29'),
(49, 22, 16, '2016-08-04 15:37:56', 0, '2016-08-04 08:36:56', '2016-08-04 08:36:56'),
(50, 22, 16, '2016-08-04 15:38:14', 2, '2016-08-04 08:37:14', '2016-08-04 08:37:14'),
(51, 22, 17, '2016-08-04 15:38:31', 0, '2016-08-04 08:37:31', '2016-08-04 08:37:31'),
(52, 22, 17, '2016-08-04 15:38:49', 2, '2016-08-04 08:37:49', '2016-08-04 08:37:49'),
(53, 22, 18, '2016-08-04 15:39:13', 0, '2016-08-04 08:38:13', '2016-08-04 08:38:13'),
(54, 22, 18, '2016-08-04 15:39:26', 2, '2016-08-04 08:38:26', '2016-08-04 08:38:26'),
(55, 22, 19, '2016-08-04 15:39:43', 0, '2016-08-04 08:38:43', '2016-08-04 08:38:43'),
(56, 22, 19, '2016-08-04 15:40:00', 2, '2016-08-04 08:39:00', '2016-08-04 08:39:00'),
(57, 22, 20, '2016-08-04 15:40:17', 0, '2016-08-04 08:39:17', '2016-08-04 08:39:17'),
(58, 22, 20, '2016-08-04 15:40:36', 2, '2016-08-04 08:39:36', '2016-08-04 08:39:36'),
(59, 22, 21, '2016-08-04 15:40:50', 0, '2016-08-04 08:39:50', '2016-08-04 08:39:50'),
(60, 22, 21, '2016-08-04 15:41:04', 2, '2016-08-04 08:40:04', '2016-08-04 08:40:04'),
(61, 22, 22, '2016-08-04 15:41:17', 0, '2016-08-04 08:40:18', '2016-08-04 08:40:18'),
(62, 22, 22, '2016-08-04 15:41:29', 2, '2016-08-04 08:40:29', '2016-08-04 08:40:29'),
(63, 22, 3, '2016-08-04 16:33:17', 3, '2016-08-04 09:32:17', '2016-08-04 09:32:17'),
(64, 22, 5, '2016-08-04 16:34:12', 3, '2016-08-04 09:33:11', '2016-08-04 09:33:11'),
(65, 22, 6, '2016-08-04 16:35:29', 3, '2016-08-04 09:34:29', '2016-08-04 09:34:29'),
(66, 22, 3, '2016-08-04 16:37:29', 1, '2016-08-04 09:36:29', '2016-08-04 09:36:29'),
(67, 22, 5, '2016-08-04 16:38:06', 1, '2016-08-04 09:37:06', '2016-08-04 09:37:06'),
(68, 23, 22, '2016-08-04 17:12:35', 1, '2016-08-05 07:40:07', '2016-08-05 07:40:07'),
(69, 23, 10, '2016-08-05 16:27:47', 2, '2016-08-05 09:26:48', '2016-08-05 09:26:48'),
(70, 23, 4, '2016-08-05 17:00:57', 2, '2016-08-05 09:59:58', '2016-08-05 09:59:58'),
(71, 23, 5, '2016-08-05 17:05:45', 1, '2016-08-05 10:04:46', '2016-08-05 10:04:46'),
(72, 23, 19, '2016-08-05 17:06:44', 1, '2016-08-05 10:05:45', '2016-08-05 10:05:45'),
(73, 23, 20, '2016-08-05 17:07:10', 1, '2016-08-05 10:06:11', '2016-08-05 10:06:11'),
(74, 23, 4, '2016-08-05 17:07:34', 1, '2016-08-05 10:06:34', '2016-08-05 10:06:34'),
(75, 23, 21, '2016-08-05 17:07:56', 1, '2016-08-05 10:06:56', '2016-08-05 10:06:56'),
(76, 23, 6, '2016-08-05 17:08:22', 1, '2016-08-05 10:07:23', '2016-08-05 10:07:23'),
(77, 23, 13, '2016-08-05 17:10:03', 4, '2016-08-05 10:09:03', '2016-08-05 10:09:03'),
(78, 23, 15, '2016-08-05 17:11:00', 1, '2016-08-05 10:10:00', '2016-08-05 10:10:00'),
(79, 23, 22, '2016-08-05 17:11:20', 1, '2016-08-05 10:10:21', '2016-08-05 10:10:21'),
(80, 23, 8, '2016-08-05 17:11:35', 1, '2016-08-05 10:10:36', '2016-08-05 10:10:36'),
(81, 23, 12, '2016-08-05 17:13:04', 1, '2016-08-05 10:12:05', '2016-08-05 10:12:05'),
(82, 23, 10, '2016-08-05 18:33:09', 1, '2016-08-05 11:32:09', '2016-08-05 11:32:09'),
(83, 23, 11, '2016-08-05 20:17:30', 1, '2016-08-05 13:16:31', '2016-08-05 13:16:31'),
(84, 24, 6, '2016-08-06 06:09:37', 0, '2016-08-05 23:08:38', '2016-08-05 23:08:38'),
(85, 24, 16, '2016-08-06 07:41:07', 0, '2016-08-06 00:40:08', '2016-08-06 00:40:08'),
(86, 24, 19, '2016-08-06 07:46:02', 0, '2016-08-06 00:45:03', '2016-08-06 00:45:03'),
(87, 24, 22, '2016-08-06 07:50:23', 0, '2016-08-06 00:49:24', '2016-08-06 00:49:24'),
(88, 24, 20, '2016-08-06 07:51:26', 0, '2016-08-06 00:50:28', '2016-08-06 00:50:28'),
(89, 24, 10, '2016-08-06 07:52:18', 0, '2016-08-06 00:51:20', '2016-08-06 00:51:20'),
(90, 24, 5, '2016-08-06 07:53:14', 0, '2016-08-06 00:52:15', '2016-08-06 00:52:15'),
(91, 24, 21, '2016-08-06 07:53:20', 0, '2016-08-06 00:52:21', '2016-08-06 00:52:21'),
(92, 24, 4, '2016-08-06 07:54:52', 0, '2016-08-06 00:53:53', '2016-08-06 00:53:53'),
(93, 24, 8, '2016-08-06 08:02:17', 0, '2016-08-06 01:01:17', '2016-08-06 01:01:17'),
(94, 24, 13, '2016-08-06 08:05:14', 0, '2016-08-06 01:04:15', '2016-08-06 01:04:15'),
(95, 24, 7, '2016-08-06 08:05:23', 0, '2016-08-06 01:04:24', '2016-08-06 01:04:24'),
(96, 24, 17, '2016-08-06 08:06:30', 0, '2016-08-06 01:05:31', '2016-08-06 01:05:31'),
(97, 24, 15, '2016-08-06 08:06:39', 0, '2016-08-06 01:05:39', '2016-08-06 01:05:39'),
(98, 24, 18, '2016-08-06 08:07:20', 0, '2016-08-06 01:06:21', '2016-08-06 01:06:21'),
(99, 24, 9, '2016-08-06 08:08:00', 0, '2016-08-06 01:07:00', '2016-08-06 01:07:00'),
(100, 24, 12, '2016-08-06 08:19:52', 0, '2016-08-06 01:18:52', '2016-08-06 01:18:52'),
(101, 24, 11, '2016-08-06 08:41:50', 0, '2016-08-06 01:40:51', '2016-08-06 01:40:51'),
(102, 24, 8, '2016-08-06 12:18:00', 2, '2016-08-06 05:17:00', '2016-08-06 05:17:00'),
(103, 24, 6, '2016-08-06 13:10:41', 2, '2016-08-06 06:09:42', '2016-08-06 06:09:42'),
(104, 24, 13, '2016-08-06 13:19:18', 2, '2016-08-06 06:18:20', '2016-08-06 06:18:20'),
(105, 24, 10, '2016-08-06 13:42:58', 2, '2016-08-06 06:42:00', '2016-08-06 06:42:00'),
(106, 24, 17, '2016-08-06 17:04:21', 2, '2016-08-06 10:03:22', '2016-08-06 10:03:22'),
(107, 24, 19, '2016-08-06 17:04:28', 2, '2016-08-06 10:03:30', '2016-08-06 10:03:30'),
(108, 24, 5, '2016-08-06 17:04:35', 2, '2016-08-06 10:03:37', '2016-08-06 10:03:37'),
(109, 24, 22, '2016-08-06 17:04:39', 2, '2016-08-06 10:03:40', '2016-08-06 10:03:40'),
(110, 24, 4, '2016-08-06 17:05:19', 2, '2016-08-06 10:04:20', '2016-08-06 10:04:20'),
(111, 24, 15, '2016-08-06 17:06:39', 1, '2016-08-06 10:05:41', '2016-08-06 10:05:41'),
(112, 24, 12, '2016-08-06 17:10:02', 2, '2016-08-06 10:09:03', '2016-08-06 10:09:03'),
(113, 24, 20, '2016-08-06 17:11:53', 2, '2016-08-06 10:10:55', '2016-08-06 10:10:55'),
(114, 24, 9, '2016-08-06 17:12:00', 2, '2016-08-06 10:11:02', '2016-08-06 10:11:02'),
(115, 24, 8, '2016-08-06 17:15:15', 1, '2016-08-06 10:14:17', '2016-08-06 10:14:17'),
(116, 24, 6, '2016-08-06 17:15:24', 1, '2016-08-06 10:14:26', '2016-08-06 10:14:26'),
(117, 24, 21, '2016-08-06 17:19:07', 2, '2016-08-06 10:18:08', '2016-08-06 10:18:08'),
(118, 24, 13, '2016-08-06 17:20:42', 1, '2016-08-06 10:19:43', '2016-08-06 10:19:43'),
(119, 24, 11, '2016-08-06 17:23:37', 2, '2016-08-06 10:22:38', '2016-08-06 10:22:38');

-- --------------------------------------------------------

--
-- Table structure for table `ta03`
--

CREATE TABLE `ta03` (
  `id` int(10) UNSIGNED NOT NULL,
  `tglabs` datetime NOT NULL,
  `durasi` int(11) NOT NULL,
  `jenis` char(6) COLLATE utf8_unicode_ci NOT NULL,
  `idkar` int(10) UNSIGNED NOT NULL,
  `created_at` timestamp NOT NULL DEFAULT '0000-00-00 00:00:00',
  `updated_at` timestamp NOT NULL DEFAULT '0000-00-00 00:00:00'
) ENGINE=InnoDB DEFAULT CHARSET=utf8 COLLATE=utf8_unicode_ci;

-- --------------------------------------------------------

--
-- Table structure for table `tg01`
--

CREATE TABLE `tg01` (
  `idtg` int(10) UNSIGNED NOT NULL,
  `nortg` text COLLATE utf8_unicode_ci NOT NULL,
  `tgltg` datetime NOT NULL,
  `tglgjsblm` datetime NOT NULL,
  `status` varchar(255) COLLATE utf8_unicode_ci NOT NULL,
  `ttlgj` int(11) NOT NULL,
  `ttlbns` int(11) NOT NULL,
  `idkar` int(10) UNSIGNED NOT NULL,
  `created_at` timestamp NOT NULL DEFAULT '0000-00-00 00:00:00',
  `updated_at` timestamp NOT NULL DEFAULT '0000-00-00 00:00:00'
) ENGINE=InnoDB DEFAULT CHARSET=utf8 COLLATE=utf8_unicode_ci;

--
-- Dumping data for table `tg01`
--

INSERT INTO `tg01` (`idtg`, `nortg`, `tgltg`, `tglgjsblm`, `status`, `ttlgj`, `ttlbns`, `idkar`, `created_at`, `updated_at`) VALUES
(1, 'GJ10616', '2016-05-12 00:00:00', '2016-04-12 00:00:00', 'Y', 3000000, 0, 1, '2016-06-16 04:36:42', '2016-06-16 04:51:52'),
(2, 'GJ20616', '2016-06-12 00:00:00', '2016-05-12 00:00:00', 'Y', 3000000, -400000, 1, '2016-06-16 04:39:17', '2016-06-16 04:53:01');

-- --------------------------------------------------------

--
-- Table structure for table `tg02`
--

CREATE TABLE `tg02` (
  `id` int(10) UNSIGNED NOT NULL,
  `tg01_id` int(10) UNSIGNED NOT NULL,
  `mg01_id` int(10) UNSIGNED NOT NULL,
  `jmtgh` int(11) NOT NULL,
  `nmlgj` int(11) NOT NULL,
  `created_at` timestamp NOT NULL DEFAULT '0000-00-00 00:00:00',
  `updated_at` timestamp NOT NULL DEFAULT '0000-00-00 00:00:00'
) ENGINE=InnoDB DEFAULT CHARSET=utf8 COLLATE=utf8_unicode_ci;

-- --------------------------------------------------------

--
-- Table structure for table `th01`
--

CREATE TABLE `th01` (
  `idhut` int(10) UNSIGNED NOT NULL,
  `norhut` text COLLATE utf8_unicode_ci NOT NULL,
  `tglhut` datetime NOT NULL,
  `jenhut` varchar(255) COLLATE utf8_unicode_ci NOT NULL,
  `jmlang` tinyint(4) NOT NULL,
  `nilhut` bigint(20) NOT NULL,
  `flglns` char(1) COLLATE utf8_unicode_ci NOT NULL,
  `idkar` int(10) UNSIGNED NOT NULL,
  `created_at` timestamp NOT NULL DEFAULT '0000-00-00 00:00:00',
  `updated_at` timestamp NOT NULL DEFAULT '0000-00-00 00:00:00'
) ENGINE=InnoDB DEFAULT CHARSET=utf8 COLLATE=utf8_unicode_ci;

-- --------------------------------------------------------

--
-- Table structure for table `th02`
--

CREATE TABLE `th02` (
  `idph` int(10) UNSIGNED NOT NULL,
  `tglph` datetime NOT NULL,
  `nilph` bigint(20) NOT NULL,
  `status` char(1) COLLATE utf8_unicode_ci NOT NULL,
  `idhut` int(10) UNSIGNED NOT NULL,
  `idtg` int(10) UNSIGNED NOT NULL,
  `created_at` timestamp NOT NULL DEFAULT '0000-00-00 00:00:00',
  `updated_at` timestamp NOT NULL DEFAULT '0000-00-00 00:00:00'
) ENGINE=InnoDB DEFAULT CHARSET=utf8 COLLATE=utf8_unicode_ci;

-- --------------------------------------------------------

--
-- Table structure for table `tj01`
--

CREATE TABLE `tj01` (
  `id` int(10) UNSIGNED NOT NULL,
  `mj02_id` int(10) UNSIGNED NOT NULL,
  `mk01_id` int(10) UNSIGNED NOT NULL,
  `tgl` datetime NOT NULL,
  `created_at` timestamp NOT NULL DEFAULT '0000-00-00 00:00:00',
  `updated_at` timestamp NOT NULL DEFAULT '0000-00-00 00:00:00'
) ENGINE=InnoDB DEFAULT CHARSET=utf8 COLLATE=utf8_unicode_ci;

--
-- Dumping data for table `tj01`
--

INSERT INTO `tj01` (`id`, `mj02_id`, `mk01_id`, `tgl`, `created_at`, `updated_at`) VALUES
(25, 13, 4, '2016-08-03 17:20:40', '2016-08-03 10:20:40', '2016-08-03 10:20:40'),
(31, 1, 4, '2016-08-03 17:55:18', '2016-08-03 10:55:18', '2016-08-03 10:55:18'),
(32, 1, 4, '2016-08-03 19:21:49', '2016-08-03 12:21:49', '2016-08-03 12:21:49'),
(33, 1, 4, '2016-08-03 19:22:47', '2016-08-03 12:22:47', '2016-08-03 12:22:47'),
(34, 1, 4, '2016-08-03 19:23:09', '2016-08-03 12:23:09', '2016-08-03 12:23:09'),
(35, 10, 2, '2016-08-04 14:40:09', '2016-08-04 07:40:09', '2016-08-04 07:40:09'),
(36, 10, 2, '2016-08-04 14:40:50', '2016-08-04 07:40:50', '2016-08-04 07:40:50'),
(37, 10, 2, '2016-08-04 14:41:05', '2016-08-04 07:41:05', '2016-08-04 07:41:05'),
(38, 10, 2, '2016-08-04 14:41:16', '2016-08-04 07:41:16', '2016-08-04 07:41:16'),
(39, 10, 2, '2016-08-04 14:41:25', '2016-08-04 07:41:25', '2016-08-04 07:41:25'),
(40, 10, 2, '2016-08-04 14:41:35', '2016-08-04 07:41:35', '2016-08-04 07:41:35'),
(41, 1, 4, '2016-08-04 14:49:05', '2016-08-04 07:49:05', '2016-08-04 07:49:05'),
(42, 1, 4, '2016-08-04 14:49:20', '2016-08-04 07:49:20', '2016-08-04 07:49:20'),
(43, 1, 4, '2016-08-04 14:49:35', '2016-08-04 07:49:35', '2016-08-04 07:49:35'),
(44, 1, 4, '2016-08-04 14:49:47', '2016-08-04 07:49:47', '2016-08-04 07:49:47'),
(45, 1, 4, '2016-08-04 14:49:55', '2016-08-04 07:49:55', '2016-08-04 07:49:55'),
(46, 1, 4, '2016-08-04 14:50:05', '2016-08-04 07:50:05', '2016-08-04 07:50:05'),
(47, 13, 3, '2016-08-04 15:29:44', '2016-08-04 08:29:44', '2016-08-04 08:29:44'),
(48, 13, 3, '2016-08-04 15:30:02', '2016-08-04 08:30:02', '2016-08-04 08:30:02'),
(49, 13, 5, '2016-08-04 15:30:29', '2016-08-04 08:30:29', '2016-08-04 08:30:29'),
(50, 13, 5, '2016-08-04 15:30:44', '2016-08-04 08:30:44', '2016-08-04 08:30:44'),
(51, 13, 6, '2016-08-04 15:31:10', '2016-08-04 08:31:10', '2016-08-04 08:31:10'),
(52, 13, 6, '2016-08-04 15:31:22', '2016-08-04 08:31:22', '2016-08-04 08:31:22'),
(53, 13, 7, '2016-08-04 15:31:42', '2016-08-04 08:31:42', '2016-08-04 08:31:42'),
(54, 13, 7, '2016-08-04 15:31:59', '2016-08-04 08:31:59', '2016-08-04 08:31:59'),
(55, 13, 8, '2016-08-04 15:32:30', '2016-08-04 08:32:30', '2016-08-04 08:32:30'),
(56, 13, 8, '2016-08-04 15:32:40', '2016-08-04 08:32:40', '2016-08-04 08:32:40'),
(57, 13, 9, '2016-08-04 15:32:55', '2016-08-04 08:32:55', '2016-08-04 08:32:55'),
(58, 13, 9, '2016-08-04 15:33:05', '2016-08-04 08:33:05', '2016-08-04 08:33:05'),
(59, 13, 10, '2016-08-04 15:33:22', '2016-08-04 08:33:22', '2016-08-04 08:33:22'),
(60, 13, 10, '2016-08-04 15:33:39', '2016-08-04 08:33:39', '2016-08-04 08:33:39'),
(61, 13, 11, '2016-08-04 15:34:01', '2016-08-04 08:34:01', '2016-08-04 08:34:01'),
(62, 13, 11, '2016-08-04 15:34:14', '2016-08-04 08:34:14', '2016-08-04 08:34:14'),
(63, 13, 12, '2016-08-04 15:34:30', '2016-08-04 08:34:30', '2016-08-04 08:34:30'),
(64, 13, 12, '2016-08-04 15:34:46', '2016-08-04 08:34:46', '2016-08-04 08:34:46'),
(65, 13, 13, '2016-08-04 15:35:07', '2016-08-04 08:35:07', '2016-08-04 08:35:07'),
(66, 13, 13, '2016-08-04 15:35:21', '2016-08-04 08:35:21', '2016-08-04 08:35:21'),
(67, 13, 14, '2016-08-04 15:35:42', '2016-08-04 08:35:42', '2016-08-04 08:35:42'),
(68, 13, 14, '2016-08-04 15:35:54', '2016-08-04 08:35:54', '2016-08-04 08:35:54'),
(69, 13, 15, '2016-08-04 15:36:11', '2016-08-04 08:36:11', '2016-08-04 08:36:11'),
(70, 13, 15, '2016-08-04 15:36:29', '2016-08-04 08:36:29', '2016-08-04 08:36:29'),
(71, 13, 16, '2016-08-04 15:36:56', '2016-08-04 08:36:56', '2016-08-04 08:36:56'),
(72, 13, 16, '2016-08-04 15:37:14', '2016-08-04 08:37:14', '2016-08-04 08:37:14'),
(73, 13, 17, '2016-08-04 15:37:31', '2016-08-04 08:37:31', '2016-08-04 08:37:31'),
(74, 13, 17, '2016-08-04 15:37:49', '2016-08-04 08:37:49', '2016-08-04 08:37:49'),
(75, 13, 18, '2016-08-04 15:38:13', '2016-08-04 08:38:13', '2016-08-04 08:38:13'),
(76, 13, 18, '2016-08-04 15:38:26', '2016-08-04 08:38:26', '2016-08-04 08:38:26'),
(77, 13, 19, '2016-08-04 15:38:43', '2016-08-04 08:38:43', '2016-08-04 08:38:43'),
(78, 13, 19, '2016-08-04 15:39:00', '2016-08-04 08:39:00', '2016-08-04 08:39:00'),
(79, 13, 20, '2016-08-04 15:39:17', '2016-08-04 08:39:17', '2016-08-04 08:39:17'),
(80, 13, 20, '2016-08-04 15:39:36', '2016-08-04 08:39:36', '2016-08-04 08:39:36'),
(81, 13, 21, '2016-08-04 15:39:50', '2016-08-04 08:39:50', '2016-08-04 08:39:50'),
(82, 13, 21, '2016-08-04 15:40:04', '2016-08-04 08:40:04', '2016-08-04 08:40:04'),
(83, 13, 22, '2016-08-04 15:40:18', '2016-08-04 08:40:18', '2016-08-04 08:40:18'),
(84, 13, 22, '2016-08-04 15:40:29', '2016-08-04 08:40:29', '2016-08-04 08:40:29'),
(85, 13, 3, '2016-08-04 16:32:17', '2016-08-04 09:32:17', '2016-08-04 09:32:17'),
(86, 13, 5, '2016-08-04 16:33:11', '2016-08-04 09:33:11', '2016-08-04 09:33:11'),
(87, 13, 6, '2016-08-04 16:34:29', '2016-08-04 09:34:29', '2016-08-04 09:34:29'),
(88, 13, 3, '2016-08-04 16:36:29', '2016-08-04 09:36:29', '2016-08-04 09:36:29'),
(89, 13, 5, '2016-08-04 16:37:06', '2016-08-04 09:37:06', '2016-08-04 09:37:06'),
(90, 13, 22, '2016-08-05 14:40:07', '2016-08-05 07:40:07', '2016-08-05 07:40:07'),
(91, 13, 10, '2016-08-05 16:26:48', '2016-08-05 09:26:48', '2016-08-05 09:26:48'),
(92, 13, 4, '2016-08-05 16:59:58', '2016-08-05 09:59:58', '2016-08-05 09:59:58'),
(93, 13, 5, '2016-08-05 17:04:46', '2016-08-05 10:04:46', '2016-08-05 10:04:46'),
(94, 13, 19, '2016-08-05 17:05:45', '2016-08-05 10:05:45', '2016-08-05 10:05:45'),
(95, 13, 20, '2016-08-05 17:06:11', '2016-08-05 10:06:11', '2016-08-05 10:06:11'),
(96, 13, 4, '2016-08-05 17:06:34', '2016-08-05 10:06:34', '2016-08-05 10:06:34'),
(97, 13, 21, '2016-08-05 17:06:56', '2016-08-05 10:06:56', '2016-08-05 10:06:56'),
(98, 13, 6, '2016-08-05 17:07:23', '2016-08-05 10:07:23', '2016-08-05 10:07:23'),
(99, 13, 13, '2016-08-05 17:09:03', '2016-08-05 10:09:03', '2016-08-05 10:09:03'),
(100, 13, 15, '2016-08-05 17:10:00', '2016-08-05 10:10:00', '2016-08-05 10:10:00'),
(101, 13, 22, '2016-08-05 17:10:21', '2016-08-05 10:10:21', '2016-08-05 10:10:21'),
(102, 13, 8, '2016-08-05 17:10:36', '2016-08-05 10:10:36', '2016-08-05 10:10:36'),
(103, 13, 12, '2016-08-05 17:12:05', '2016-08-05 10:12:05', '2016-08-05 10:12:05'),
(104, 13, 6, '2016-08-05 17:12:38', '2016-08-05 10:12:38', '2016-08-05 10:12:38'),
(105, 13, 6, '2016-08-05 17:13:13', '2016-08-05 10:13:13', '2016-08-05 10:13:13'),
(106, 13, 10, '2016-08-05 18:32:09', '2016-08-05 11:32:09', '2016-08-05 11:32:09'),
(107, 13, 11, '2016-08-05 20:16:31', '2016-08-05 13:16:31', '2016-08-05 13:16:31'),
(108, 13, 6, '2016-08-06 06:08:38', '2016-08-05 23:08:38', '2016-08-05 23:08:38'),
(109, 13, 16, '2016-08-06 07:40:08', '2016-08-06 00:40:08', '2016-08-06 00:40:08'),
(110, 13, 19, '2016-08-06 07:45:03', '2016-08-06 00:45:03', '2016-08-06 00:45:03'),
(111, 13, 22, '2016-08-06 07:49:24', '2016-08-06 00:49:24', '2016-08-06 00:49:24'),
(112, 13, 20, '2016-08-06 07:50:28', '2016-08-06 00:50:28', '2016-08-06 00:50:28'),
(113, 13, 10, '2016-08-06 07:51:20', '2016-08-06 00:51:20', '2016-08-06 00:51:20'),
(114, 13, 5, '2016-08-06 07:52:15', '2016-08-06 00:52:15', '2016-08-06 00:52:15'),
(115, 13, 21, '2016-08-06 07:52:21', '2016-08-06 00:52:21', '2016-08-06 00:52:21'),
(116, 13, 4, '2016-08-06 07:53:53', '2016-08-06 00:53:53', '2016-08-06 00:53:53'),
(117, 13, 8, '2016-08-06 08:01:17', '2016-08-06 01:01:17', '2016-08-06 01:01:17'),
(118, 13, 13, '2016-08-06 08:04:15', '2016-08-06 01:04:15', '2016-08-06 01:04:15'),
(119, 13, 7, '2016-08-06 08:04:24', '2016-08-06 01:04:24', '2016-08-06 01:04:24'),
(120, 13, 17, '2016-08-06 08:05:31', '2016-08-06 01:05:31', '2016-08-06 01:05:31'),
(121, 13, 15, '2016-08-06 08:05:39', '2016-08-06 01:05:39', '2016-08-06 01:05:39'),
(122, 13, 18, '2016-08-06 08:06:21', '2016-08-06 01:06:21', '2016-08-06 01:06:21'),
(123, 13, 9, '2016-08-06 08:07:00', '2016-08-06 01:07:00', '2016-08-06 01:07:00'),
(124, 13, 12, '2016-08-06 08:18:52', '2016-08-06 01:18:52', '2016-08-06 01:18:52'),
(125, 13, 11, '2016-08-06 08:40:51', '2016-08-06 01:40:51', '2016-08-06 01:40:51'),
(126, 13, 8, '2016-08-06 12:17:00', '2016-08-06 05:17:00', '2016-08-06 05:17:00'),
(127, 13, 6, '2016-08-06 13:09:42', '2016-08-06 06:09:42', '2016-08-06 06:09:42'),
(128, 13, 13, '2016-08-06 13:18:20', '2016-08-06 06:18:20', '2016-08-06 06:18:20'),
(129, 13, 10, '2016-08-06 13:42:00', '2016-08-06 06:42:00', '2016-08-06 06:42:00'),
(130, 13, 17, '2016-08-06 17:03:22', '2016-08-06 10:03:22', '2016-08-06 10:03:22'),
(131, 13, 19, '2016-08-06 17:03:30', '2016-08-06 10:03:30', '2016-08-06 10:03:30'),
(132, 13, 5, '2016-08-06 17:03:37', '2016-08-06 10:03:37', '2016-08-06 10:03:37'),
(133, 13, 22, '2016-08-06 17:03:40', '2016-08-06 10:03:40', '2016-08-06 10:03:40'),
(134, 13, 4, '2016-08-06 17:04:20', '2016-08-06 10:04:20', '2016-08-06 10:04:20'),
(135, 13, 15, '2016-08-06 17:05:41', '2016-08-06 10:05:41', '2016-08-06 10:05:41'),
(136, 13, 12, '2016-08-06 17:08:50', '2016-08-06 10:08:50', '2016-08-06 10:08:50'),
(137, 13, 12, '2016-08-06 17:09:03', '2016-08-06 10:09:03', '2016-08-06 10:09:03'),
(138, 13, 20, '2016-08-06 17:10:55', '2016-08-06 10:10:55', '2016-08-06 10:10:55'),
(139, 13, 9, '2016-08-06 17:11:02', '2016-08-06 10:11:02', '2016-08-06 10:11:02'),
(140, 13, 10, '2016-08-06 17:11:50', '2016-08-06 10:11:50', '2016-08-06 10:11:50'),
(141, 13, 8, '2016-08-06 17:14:17', '2016-08-06 10:14:17', '2016-08-06 10:14:17'),
(142, 13, 6, '2016-08-06 17:14:26', '2016-08-06 10:14:26', '2016-08-06 10:14:26'),
(143, 13, 6, '2016-08-06 17:15:12', '2016-08-06 10:15:12', '2016-08-06 10:15:12'),
(144, 13, 6, '2016-08-06 17:15:41', '2016-08-06 10:15:41', '2016-08-06 10:15:41'),
(145, 13, 21, '2016-08-06 17:18:08', '2016-08-06 10:18:08', '2016-08-06 10:18:08'),
(146, 13, 13, '2016-08-06 17:19:43', '2016-08-06 10:19:43', '2016-08-06 10:19:43'),
(147, 13, 11, '2016-08-06 17:22:38', '2016-08-06 10:22:38', '2016-08-06 10:22:38');

-- --------------------------------------------------------

--
-- Table structure for table `tp01`
--

CREATE TABLE `tp01` (
  `idpt` int(10) UNSIGNED NOT NULL,
  `tglpt` datetime NOT NULL,
  `nilpt` bigint(20) NOT NULL,
  `idkar` int(10) UNSIGNED NOT NULL,
  `created_at` timestamp NOT NULL DEFAULT '0000-00-00 00:00:00',
  `updated_at` timestamp NOT NULL DEFAULT '0000-00-00 00:00:00'
) ENGINE=InnoDB DEFAULT CHARSET=utf8 COLLATE=utf8_unicode_ci;

-- --------------------------------------------------------

--
-- Table structure for table `ts01`
--

CREATE TABLE `ts01` (
  `id` int(10) UNSIGNED NOT NULL,
  `tgltrans` datetime NOT NULL,
  `mk01_id` int(10) UNSIGNED NOT NULL,
  `tbsld` bigint(20) NOT NULL,
  `created_at` timestamp NOT NULL DEFAULT '0000-00-00 00:00:00',
  `updated_at` timestamp NOT NULL DEFAULT '0000-00-00 00:00:00'
) ENGINE=InnoDB DEFAULT CHARSET=utf8 COLLATE=utf8_unicode_ci;

-- --------------------------------------------------------

--
-- Table structure for table `tt01`
--

CREATE TABLE `tt01` (
  `idtb` int(10) UNSIGNED NOT NULL,
  `nortb` text COLLATE utf8_unicode_ci NOT NULL,
  `tgltb` datetime NOT NULL,
  `niltb` bigint(20) NOT NULL,
  `idkar` int(10) UNSIGNED NOT NULL,
  `idtg` int(10) UNSIGNED NOT NULL,
  `created_at` timestamp NOT NULL DEFAULT '0000-00-00 00:00:00',
  `updated_at` timestamp NOT NULL DEFAULT '0000-00-00 00:00:00'
) ENGINE=InnoDB DEFAULT CHARSET=utf8 COLLATE=utf8_unicode_ci;

-- --------------------------------------------------------

--
-- Table structure for table `tt02`
--

CREATE TABLE `tt02` (
  `idtt` int(10) UNSIGNED NOT NULL,
  `nortt` text COLLATE utf8_unicode_ci NOT NULL,
  `tgltt` datetime NOT NULL,
  `niltt` bigint(20) NOT NULL,
  `idkar` int(10) UNSIGNED NOT NULL,
  `created_at` timestamp NOT NULL DEFAULT '0000-00-00 00:00:00',
  `updated_at` timestamp NOT NULL DEFAULT '0000-00-00 00:00:00'
) ENGINE=InnoDB DEFAULT CHARSET=utf8 COLLATE=utf8_unicode_ci;

-- --------------------------------------------------------

--
-- Table structure for table `tz01`
--

CREATE TABLE `tz01` (
  `id` int(10) UNSIGNED NOT NULL,
  `tglomz` datetime NOT NULL,
  `nilomz` int(11) NOT NULL,
  `idkar` int(10) UNSIGNED NOT NULL,
  `prsomz` float(8,2) NOT NULL,
  `created_at` timestamp NOT NULL DEFAULT '0000-00-00 00:00:00',
  `updated_at` timestamp NOT NULL DEFAULT '0000-00-00 00:00:00'
) ENGINE=InnoDB DEFAULT CHARSET=utf8 COLLATE=utf8_unicode_ci;

--
-- Indexes for dumped tables
--

--
-- Indexes for table `mg01`
--
ALTER TABLE `mg01`
  ADD PRIMARY KEY (`idgj`);

--
-- Indexes for table `mg02`
--
ALTER TABLE `mg02`
  ADD PRIMARY KEY (`id`),
  ADD KEY `mg02_mk01_id_foreign` (`mk01_id`),
  ADD KEY `mg02_mg01_id_foreign` (`mg01_id`);

--
-- Indexes for table `mj01`
--
ALTER TABLE `mj01`
  ADD PRIMARY KEY (`idjb`);

--
-- Indexes for table `mj02`
--
ALTER TABLE `mj02`
  ADD PRIMARY KEY (`idjk`);

--
-- Indexes for table `mj03`
--
ALTER TABLE `mj03`
  ADD PRIMARY KEY (`id`),
  ADD KEY `mj03_mj02_id_foreign` (`mj02_id`),
  ADD KEY `mj03_mk01_id_foreign` (`mk01_id`);

--
-- Indexes for table `mk01`
--
ALTER TABLE `mk01`
  ADD PRIMARY KEY (`idkar`),
  ADD KEY `mk01_idjb_foreign` (`idjb`);

--
-- Indexes for table `mk02`
--
ALTER TABLE `mk02`
  ADD PRIMARY KEY (`id`),
  ADD KEY `mk02_mk01_id_parent_index` (`mk01_id_parent`),
  ADD KEY `mk02_mk01_id_child_index` (`mk01_id_child`);

--
-- Indexes for table `mk03`
--
ALTER TABLE `mk03`
  ADD PRIMARY KEY (`id`);

--
-- Indexes for table `mm01`
--
ALTER TABLE `mm01`
  ADD PRIMARY KEY (`idmnu`);

--
-- Indexes for table `mm02`
--
ALTER TABLE `mm02`
  ADD PRIMARY KEY (`id`),
  ADD KEY `mm02_mk01_id_foreign` (`mk01_id`),
  ADD KEY `mm02_mm01_id_foreign` (`mm01_id`);

--
-- Indexes for table `mz01`
--
ALTER TABLE `mz01`
  ADD PRIMARY KEY (`idomzt`);

--
-- Indexes for table `ta01`
--
ALTER TABLE `ta01`
  ADD PRIMARY KEY (`idabs`),
  ADD KEY `ta01_idjk_foreign` (`idjk`);

--
-- Indexes for table `ta02`
--
ALTER TABLE `ta02`
  ADD PRIMARY KEY (`id`),
  ADD KEY `ta02_ta01_id_foreign` (`ta01_id`),
  ADD KEY `ta02_mk01_id_foreign` (`mk01_id`);

--
-- Indexes for table `ta03`
--
ALTER TABLE `ta03`
  ADD PRIMARY KEY (`id`),
  ADD KEY `ta03_idkar_foreign` (`idkar`);

--
-- Indexes for table `tg01`
--
ALTER TABLE `tg01`
  ADD PRIMARY KEY (`idtg`),
  ADD KEY `tg01_idkar_foreign` (`idkar`);

--
-- Indexes for table `tg02`
--
ALTER TABLE `tg02`
  ADD PRIMARY KEY (`id`),
  ADD KEY `tg02_tg01_id_foreign` (`tg01_id`),
  ADD KEY `tg02_mg01_id_foreign` (`mg01_id`);

--
-- Indexes for table `th01`
--
ALTER TABLE `th01`
  ADD PRIMARY KEY (`idhut`),
  ADD KEY `th01_idkar_foreign` (`idkar`);

--
-- Indexes for table `th02`
--
ALTER TABLE `th02`
  ADD PRIMARY KEY (`idph`),
  ADD KEY `th02_idhut_foreign` (`idhut`),
  ADD KEY `th02_idtg_foreign` (`idtg`);

--
-- Indexes for table `tj01`
--
ALTER TABLE `tj01`
  ADD PRIMARY KEY (`id`),
  ADD KEY `tj01_mj02_id_foreign` (`mj02_id`);

--
-- Indexes for table `tp01`
--
ALTER TABLE `tp01`
  ADD PRIMARY KEY (`idpt`),
  ADD KEY `tp01_idkar_foreign` (`idkar`);

--
-- Indexes for table `ts01`
--
ALTER TABLE `ts01`
  ADD PRIMARY KEY (`id`),
  ADD KEY `ts01_mk01_id_foreign` (`mk01_id`);

--
-- Indexes for table `tt01`
--
ALTER TABLE `tt01`
  ADD PRIMARY KEY (`idtb`),
  ADD KEY `tt01_idkar_foreign` (`idkar`),
  ADD KEY `tt01_idtg_foreign` (`idtg`);

--
-- Indexes for table `tt02`
--
ALTER TABLE `tt02`
  ADD PRIMARY KEY (`idtt`),
  ADD KEY `tt02_idkar_foreign` (`idkar`);

--
-- Indexes for table `tz01`
--
ALTER TABLE `tz01`
  ADD PRIMARY KEY (`id`),
  ADD KEY `tz01_idkar_index` (`idkar`);

--
-- AUTO_INCREMENT for dumped tables
--

--
-- AUTO_INCREMENT for table `mg01`
--
ALTER TABLE `mg01`
  MODIFY `idgj` int(10) UNSIGNED NOT NULL AUTO_INCREMENT, AUTO_INCREMENT=8;
--
-- AUTO_INCREMENT for table `mg02`
--
ALTER TABLE `mg02`
  MODIFY `id` int(10) UNSIGNED NOT NULL AUTO_INCREMENT, AUTO_INCREMENT=83;
--
-- AUTO_INCREMENT for table `mj01`
--
ALTER TABLE `mj01`
  MODIFY `idjb` int(10) UNSIGNED NOT NULL AUTO_INCREMENT, AUTO_INCREMENT=5;
--
-- AUTO_INCREMENT for table `mj02`
--
ALTER TABLE `mj02`
  MODIFY `idjk` int(10) UNSIGNED NOT NULL AUTO_INCREMENT, AUTO_INCREMENT=16;
--
-- AUTO_INCREMENT for table `mj03`
--
ALTER TABLE `mj03`
  MODIFY `id` int(10) UNSIGNED NOT NULL AUTO_INCREMENT, AUTO_INCREMENT=45;
--
-- AUTO_INCREMENT for table `mk01`
--
ALTER TABLE `mk01`
  MODIFY `idkar` int(10) UNSIGNED NOT NULL AUTO_INCREMENT, AUTO_INCREMENT=23;
--
-- AUTO_INCREMENT for table `mk02`
--
ALTER TABLE `mk02`
  MODIFY `id` int(10) UNSIGNED NOT NULL AUTO_INCREMENT;
--
-- AUTO_INCREMENT for table `mk03`
--
ALTER TABLE `mk03`
  MODIFY `id` int(10) UNSIGNED NOT NULL AUTO_INCREMENT, AUTO_INCREMENT=2;
--
-- AUTO_INCREMENT for table `mm01`
--
ALTER TABLE `mm01`
  MODIFY `idmnu` int(10) UNSIGNED NOT NULL AUTO_INCREMENT, AUTO_INCREMENT=30;
--
-- AUTO_INCREMENT for table `mm02`
--
ALTER TABLE `mm02`
  MODIFY `id` int(10) UNSIGNED NOT NULL AUTO_INCREMENT, AUTO_INCREMENT=452;
--
-- AUTO_INCREMENT for table `mz01`
--
ALTER TABLE `mz01`
  MODIFY `idomzt` int(10) UNSIGNED NOT NULL AUTO_INCREMENT;
--
-- AUTO_INCREMENT for table `ta01`
--
ALTER TABLE `ta01`
  MODIFY `idabs` int(10) UNSIGNED NOT NULL AUTO_INCREMENT, AUTO_INCREMENT=25;
--
-- AUTO_INCREMENT for table `ta02`
--
ALTER TABLE `ta02`
  MODIFY `id` int(10) UNSIGNED NOT NULL AUTO_INCREMENT, AUTO_INCREMENT=120;
--
-- AUTO_INCREMENT for table `ta03`
--
ALTER TABLE `ta03`
  MODIFY `id` int(10) UNSIGNED NOT NULL AUTO_INCREMENT;
--
-- AUTO_INCREMENT for table `tg01`
--
ALTER TABLE `tg01`
  MODIFY `idtg` int(10) UNSIGNED NOT NULL AUTO_INCREMENT, AUTO_INCREMENT=3;
--
-- AUTO_INCREMENT for table `tg02`
--
ALTER TABLE `tg02`
  MODIFY `id` int(10) UNSIGNED NOT NULL AUTO_INCREMENT;
--
-- AUTO_INCREMENT for table `th01`
--
ALTER TABLE `th01`
  MODIFY `idhut` int(10) UNSIGNED NOT NULL AUTO_INCREMENT;
--
-- AUTO_INCREMENT for table `th02`
--
ALTER TABLE `th02`
  MODIFY `idph` int(10) UNSIGNED NOT NULL AUTO_INCREMENT;
--
-- AUTO_INCREMENT for table `tj01`
--
ALTER TABLE `tj01`
  MODIFY `id` int(10) UNSIGNED NOT NULL AUTO_INCREMENT, AUTO_INCREMENT=148;
--
-- AUTO_INCREMENT for table `tp01`
--
ALTER TABLE `tp01`
  MODIFY `idpt` int(10) UNSIGNED NOT NULL AUTO_INCREMENT;
--
-- AUTO_INCREMENT for table `ts01`
--
ALTER TABLE `ts01`
  MODIFY `id` int(10) UNSIGNED NOT NULL AUTO_INCREMENT;
--
-- AUTO_INCREMENT for table `tt01`
--
ALTER TABLE `tt01`
  MODIFY `idtb` int(10) UNSIGNED NOT NULL AUTO_INCREMENT;
--
-- AUTO_INCREMENT for table `tt02`
--
ALTER TABLE `tt02`
  MODIFY `idtt` int(10) UNSIGNED NOT NULL AUTO_INCREMENT;
--
-- AUTO_INCREMENT for table `tz01`
--
ALTER TABLE `tz01`
  MODIFY `id` int(10) UNSIGNED NOT NULL AUTO_INCREMENT;
--
-- Constraints for dumped tables
--

--
-- Constraints for table `mg02`
--
ALTER TABLE `mg02`
  ADD CONSTRAINT `mg02_mg01_id_foreign` FOREIGN KEY (`mg01_id`) REFERENCES `mg01` (`idgj`),
  ADD CONSTRAINT `mg02_mk01_id_foreign` FOREIGN KEY (`mk01_id`) REFERENCES `mk01` (`idkar`);

--
-- Constraints for table `mj03`
--
ALTER TABLE `mj03`
  ADD CONSTRAINT `mj03_mj02_id_foreign` FOREIGN KEY (`mj02_id`) REFERENCES `mj02` (`idjk`),
  ADD CONSTRAINT `mj03_mk01_id_foreign` FOREIGN KEY (`mk01_id`) REFERENCES `mk01` (`idkar`);

--
-- Constraints for table `mk01`
--
ALTER TABLE `mk01`
  ADD CONSTRAINT `mk01_idjb_foreign` FOREIGN KEY (`idjb`) REFERENCES `mj01` (`idjb`);

--
-- Constraints for table `mk02`
--
ALTER TABLE `mk02`
  ADD CONSTRAINT `mk02_mk01_id_child_foreign` FOREIGN KEY (`mk01_id_child`) REFERENCES `mk01` (`idkar`),
  ADD CONSTRAINT `mk02_mk01_id_parent_foreign` FOREIGN KEY (`mk01_id_parent`) REFERENCES `mk01` (`idkar`);

--
-- Constraints for table `mm02`
--
ALTER TABLE `mm02`
  ADD CONSTRAINT `mm02_mk01_id_foreign` FOREIGN KEY (`mk01_id`) REFERENCES `mk01` (`idkar`),
  ADD CONSTRAINT `mm02_mm01_id_foreign` FOREIGN KEY (`mm01_id`) REFERENCES `mm01` (`idmnu`);

--
-- Constraints for table `ta01`
--
ALTER TABLE `ta01`
  ADD CONSTRAINT `ta01_idjk_foreign` FOREIGN KEY (`idjk`) REFERENCES `mj02` (`idjk`);

--
-- Constraints for table `ta02`
--
ALTER TABLE `ta02`
  ADD CONSTRAINT `ta02_mk01_id_foreign` FOREIGN KEY (`mk01_id`) REFERENCES `mk01` (`idkar`),
  ADD CONSTRAINT `ta02_ta01_id_foreign` FOREIGN KEY (`ta01_id`) REFERENCES `ta01` (`idabs`);

--
-- Constraints for table `ta03`
--
ALTER TABLE `ta03`
  ADD CONSTRAINT `ta03_idkar_foreign` FOREIGN KEY (`idkar`) REFERENCES `mk01` (`idkar`);

--
-- Constraints for table `tg01`
--
ALTER TABLE `tg01`
  ADD CONSTRAINT `tg01_idkar_foreign` FOREIGN KEY (`idkar`) REFERENCES `mk01` (`idkar`);

--
-- Constraints for table `tg02`
--
ALTER TABLE `tg02`
  ADD CONSTRAINT `tg02_mg01_id_foreign` FOREIGN KEY (`mg01_id`) REFERENCES `mg01` (`idgj`),
  ADD CONSTRAINT `tg02_tg01_id_foreign` FOREIGN KEY (`tg01_id`) REFERENCES `tg01` (`idtg`);

--
-- Constraints for table `th01`
--
ALTER TABLE `th01`
  ADD CONSTRAINT `th01_idkar_foreign` FOREIGN KEY (`idkar`) REFERENCES `mk01` (`idkar`);

--
-- Constraints for table `th02`
--
ALTER TABLE `th02`
  ADD CONSTRAINT `th02_idhut_foreign` FOREIGN KEY (`idhut`) REFERENCES `th01` (`idhut`);

--
-- Constraints for table `tj01`
--
ALTER TABLE `tj01`
  ADD CONSTRAINT `tj01_mj02_id_foreign` FOREIGN KEY (`mj02_id`) REFERENCES `mj02` (`idjk`);

--
-- Constraints for table `tp01`
--
ALTER TABLE `tp01`
  ADD CONSTRAINT `tp01_idkar_foreign` FOREIGN KEY (`idkar`) REFERENCES `mk01` (`idkar`);

--
-- Constraints for table `ts01`
--
ALTER TABLE `ts01`
  ADD CONSTRAINT `ts01_mk01_id_foreign` FOREIGN KEY (`mk01_id`) REFERENCES `mk01` (`idkar`);

--
-- Constraints for table `tt01`
--
ALTER TABLE `tt01`
  ADD CONSTRAINT `tt01_idkar_foreign` FOREIGN KEY (`idkar`) REFERENCES `mk01` (`idkar`);

--
-- Constraints for table `tt02`
--
ALTER TABLE `tt02`
  ADD CONSTRAINT `tt02_idkar_foreign` FOREIGN KEY (`idkar`) REFERENCES `mk01` (`idkar`);

--
-- Constraints for table `tz01`
--
ALTER TABLE `tz01`
  ADD CONSTRAINT `tz01_idkar_foreign` FOREIGN KEY (`idkar`) REFERENCES `mk01` (`idkar`);

/*!40101 SET CHARACTER_SET_CLIENT=@OLD_CHARACTER_SET_CLIENT */;
/*!40101 SET CHARACTER_SET_RESULTS=@OLD_CHARACTER_SET_RESULTS */;
/*!40101 SET COLLATION_CONNECTION=@OLD_COLLATION_CONNECTION */;
